token,frequency
ve,1226
madde,1043
veya,924
bir,799
bu,432
için,267
olarak,262
ile,262
hakkı,257
da,216
olan,201
her,194
a,194
diğer,186
ilişkin,178
halinde,171
ı,166
b,163
vesayet,163
sona,158
mal,157
karar,155
taşınmaz,155
ana,154
ıı,153
e,145
isteyebilir,132
içinde,130
ya,129
ancak,124
tarafından,122
genel,121
tapu,121
karşı,120
miras,116
de,111
yerine,109
üzerinde,109
dava,106
göre,105
üzerine,104
hakim,102
yıl,101
hak,100
önce,99
uygun,98
kişisel,98
taşınmazın,98
rehin,96
ııı,95
biri,93
gerekli,93
geri,90
c,89
başlayarak,89
sonra,89
birlikte,88
en,88
mirasbırakanın,88
olur,87
eşlerden,86
intifa,86
tescil,84
kimse,83
üçüncü,82
bağlı,81
birinin,81
ise,80
gibi,80
üzere,77
yer,77
bulunan,77
kendisine,77
kendi,75
yasal,74
güvence,74
hükümler,73
özel,73
başka,73
tasarruf,73
mirasçı,73
yerleşim,72
aynı,71
o,71
çocuğun,70
yönetim,70
takdirde,70
aile,70
sulh,70
uygulanır,69
kişi,69
olduğu,69
baba,69
kişinin,68
olması,68
tarihli,68
sayılı,68
malik,68
resmi,67
kararı,67
mirasçılar,66
hükümleri,65
onun,64
ilgili,64
borç,63
saklı,63
yazılı,63
istemi,63
evlat,63
yeri,62
hakkında,62
ait,62
yoluyla,62
alacaklı,62
kütüğüne,61
eş,61
sahibi,61
sahip,60
ayırım,60
hakları,59
çocuk,58
bütün,57
süre,57
ay,57
hakkının,56
doğan,56
iv,55
alan,55
kanun,54
yükümlüdür,54
olmadıkça,54
d,53
ispat,53
olmayan,53
yapılan,53
mahkeme,53
iptal,53
altındaki,52
irtifak,52
tazminat,51
davası,51
irat,51
maliki,51
mirasın,51
taşınır,51
altına,50
ölüme,50
mirasbırakan,50
kabul,49
ortaklık,49
rehinli,49
verir,48
arasında,48
hallerde,48
vasi,48
eşin,47
sebebiyle,47
kalan,47
senedi,47
malın,47
etme,46
itiraz,46
üst,46
dışında,45
temsil,45
makamı,45
aksi,45
tereke,45
haklı,44
v,44
ilan,44
daha,44
ikinci,44
sağ,44
eşler,44
konusu,44
vasiyet,44
az,43
evlilik,43
eden,42
ileri,42
malları,42
boşanma,42
hakkına,41
üzerinden,41
sırasında,41
dernek,41
birinci,40
ayırt,40
evlenme,40
sayılır,40
bulunduğu,40
devam,40
bile,40
saklıdır,40
yapılır,40
k,40
ermesi,40
denetim,40
şekilde,40
paylı,40
ergin,39
beş,39
halde,39
üzerindeki,39
varsa,39
yetkili,39
suretiyle,39
aşağıdaki,39
önceki,38
yeni,38
korunması,38
tüzel,38
mülkiyet,38
on,37
ortak,37
son,37
verilen,37
eder,37
belirli,37
iyiniyetli,37
rejimi,37
mirası,37
yoksa,36
hakkın,36
çok,36
bağlıdır,36
ibaresi,36
terekenin,36
olağan,36
üç,36
değeri,36
alacak,36
kanunun,35
erer,35
büyük,35
tasfiye,35
iki,35
değer,35
kurulması,35
yetkisi,34
maddesiyle,34
malların,34
önemli,34
verilmesi,34
rejiminin,34
mallar,34
zilyet,34
ipotekli,34
hüküm,33
ölçüde,33
ortadan,33
makamının,33
gerekir,33
paylaşma,33
pay,33
hukuki,32
edilmiş,32
istem,32
olmak,32
cumhurbaşkanınca,32
sorumlu,32
teslim,32
kanunda,31
zorundadır,31
elde,31
alır,31
durum,31
verebilir,31
edilen,31
çıkarılan,31
önlemleri,31
resmen,31
borçlu,31
yükümlü,31
yüklü,31
an,30
babanın,30
verilmesini,30
belirlenir,30
özellikle,30
geçer,30
gün,30
yetki,30
kadar,30
edinilmiş,30
payı,30
malikin,30
haklar,29
koşulları,29
belli,29
olsa,29
aykırı,29
şeklinde,29
r,29
anayasa,29
olanak,29
giderleri,29
icra,29
rehnin,29
göz,28
önünde,28
hakkını,28
bunların,28
bölüm,28
kimsenin,28
sürekli,28
verme,28
mirasçılara,28
ölümü,28
edilir,28
kurulu,28
malvarlıkı,28
kamu,28
geçici,28
kurul,28
para,28
zamanaşımı,28
tabi,28
arazi,28
akıl,27
rızası,27
koşuluyla,27
süresi,27
hakimi,27
gereken,27
vakıf,27
mirasçıların,27
ödeme,27
koşullar,27
eşlerin,27
ret,27
mülkiyetinin,27
aksine,26
değildir,26
kişiler,26
birden,26
zorunlu,26
fıkrada,26
yapılması,26
mülkiyeti,26
yararlanma,26
geçmekle,26
nafaka,26
mallarının,26
bedel,26
devri,26
getirme,26
alacağın,26
mahkemece,25
ir,25
alınması,25
borcu,25
verilir,25
ev,25
kendilerine,25
yaptığı,25
yeniden,25
memuru,25
tarihten,25
vasinin,25
mirasçılardan,25
kalmak,24
kişiye,24
in,24
edebilir,24
fıkra,24
verilebilir,24
kaydıyla,24
mahkemesinin,24
sahibine,24
sonradan,24
yönetmelikle,24
tarihinden,24
vakfın,24
olmaksızın,24
açık,24
sözleşmesi,24
alacaklının,24
isteme,24
altında,23
fazla,23
sorumluluk,23
değiştirilmiştir,23
kuruluş,23
durumu,23
üye,23
katılma,23
öngörülen,23
vermekle,23
tabidir,23
isteyebilirler,23
bakımından,23
işletme,23
tamamı,23
lehine,23
rehni,23
malike,23
gücüne,22
gelen,22
etmek,22
zarar,22
türlü,22
edilebilir,22
altı,22
izin,22
hükümlerine,22
sebep,22
zaman,22
oranında,22
mallarını,22
paraya,22
ettiği,22
bunlar,22
şerh,22
ortaklığı,22
satış,22
vasiyetname,22
feragat,22
vasiyeti,22
alacaklıya,22
terkin,22
tescilin,22
fiil,21
küçük,21
meydana,21
kayıtlı,21
kararıyla,21
ölüm,21
uncu,21
bulunması,21
uyarınca,21
yapılmış,21
ne,21
borçlunun,21
tasarrufta,21
ödenmesi,21
kayyım,21
durumun,20
kısım,20
evliliğin,20
oturma,20
değişik,20
olunur,20
esas,20
böyle,20
olup,20
amacıyla,20
eşi,20
makamına,20
herhangi,20
geçerli,20
bunun,20
gerek,20
sorumludur,20
meslek,20
payının,20
muaccel,20
alacaklılar,20
şeyin,20
arazinin,20
iyiniyetle,20
ipotek,20
kural,19
ona,19
hukuka,19
yükü,19
bulunmadıkça,19
biçimde,19
kanuna,19
velayet,19
bakım,19
kişilere,19
açabilir,19
hükmü,19
olduğunu,19
usulü,19
khknın,19
varlığı,19
belirtilen,19
yükümlüdürler,19
çıkarma,19
altsoyu,19
birine,19
kurulmuş,19
sadece,19
sözleşmesiyle,19
eski,19
denkleştirme,19
tenkis,19
si,19
defter,19
elbirliği,19
taşınmazlar,19
ayni,19
şey,19
kapsamı,18
açıkça,18
hakimin,18
sebepleri,18
hukuku,18
kişilik,18
ehliyeti,18
yüzünden,18
hastalığı,18
karşılıksız,18
ayrıca,18
başvurusu,18
derneğin,18
bildirir,18
karara,18
deftere,18
düzenleme,18
yalnız,18
yeterli,18
hakların,18
değilse,18
zilyetlik,18
izni,18
sebebin,18
gerektirdiği,18
mallara,18
giderler,18
yükümlülüğü,18
taşınmazı,18
mirastan,18
mirasçıya,18
haklarını,17
sahiptir,17
eğitim,17
edinme,17
kullanılması,17
beri,17
tescile,17
kaldırılması,17
olanlar,17
işlemleri,17
sebeple,17
yerel,17
işleri,17
görevi,17
mahkemesi,17
olmasına,17
mirasçıları,17
diğerinin,17
lir,17
ayrı,17
ağır,17
olursa,17
yönetimi,17
sözleşme,17
konu,17
alacağı,17
kazandırmalar,17
malı,17
düşen,17
kimseye,17
kıymetli,17
yapı,17
kalır,17
doğal,17
başkasının,17
şeyi,17
buna,16
başlar,16
değiştirilmesi,16
sağlık,16
iş,16
haklarının,16
nüfus,16
veren,16
gaiplik,16
düşer,16
vermek,16
gelir,16
mülga,16
sürenin,16
yok,16
ekonomik,16
alacaklıların,16
yardım,16
mali,16
yararlanan,16
yıllık,16
evlenmenin,16
derecede,16
olmadan,16
menfaati,16
sosyal,16
borçları,16
kararlaştırılmış,16
alacakları,16
faiz,16
ödünç,16
aşan,16
herkes,15
kısıtlı,15
istenebilir,15
kesin,15
sahibinin,15
dernekler,15
inci,15
kazanılması,15
derhal,15
konusunda,15
kendiliğinden,15
alınır,15
arasındaki,15
şekli,15
sonuçları,15
reddi,15
vı,15
mevcut,15
kurallar,15
benzeri,15
tehlikeye,15
sonraki,15
sırada,15
değerinin,15
mirasçılarına,15
aittir,15
koruma,15
zararın,15
bedeli,15
hapis,15
atanmış,15
kısmı,15
vasiyetnamenin,15
mülkiyetin,15
taşınışın,15
senedinin,15
borçlar,14
gerçek,14
durumlar,14
rıza,14
kan,14
zamanda,14
yabancı,14
henüz,14
yerde,14
istemde,14
ortaya,14
tespit,14
tutulur,14
rücu,14
edilmesi,14
amacı,14
er,14
kurum,14
otuz,14
bildirilir,14
yapılacak,14
bildirmek,14
hale,14
senet,14
sorumluluğu,14
almak,14
karşılığında,14
zamanaşımına,14
edinen,14
anlaşılmadıkça,14
dördüncü,14
etmesi,14
n,14
eşya,14
payına,14
çocuğa,14
küçüğün,14
miktarı,14
onu,14
kurulabilir,14
ödemeden,14
taşınmazların,14
tenkise,14
terekeye,14
mirasçının,14
başkasına,14
asıl,13
hakkaniyete,13
yaşını,13
rızasıyla,13
yoksun,13
kişilerin,13
maddi,13
üstün,13
h,13
ödenmesini,13
dayanarak,13
gerektiren,13
ilk,13
tazmin,13
evli,13
bununla,13
bağımsız,13
tasfiyesi,13
cumhuriyet,13
eşit,13
geç,13
olağanüstü,13
görevden,13
adına,13
bulunmayan,13
belirlenen,13
evlendirme,13
le,13
su,13
hayat,13
ayrılık,13
gerektiğinde,13
biçiminde,13
ilişki,13
yere,13
olurlar,13
eşe,13
önlemlerin,13
ayrılığına,13
borcun,13
payını,13
haller,13
edinenin,13
el,13
borçluya,13
iflas,13
alma,13
mirasbırakandan,13
sigorta,13
mirasçılıktan,13
bütünleyici,13
devir,13
önalım,13
kuralları,12
sınırları,12
tür,12
kısmen,12
manevi,12
yarar,12
verdiği,12
davacının,12
adı,12
bunu,12
kararının,12
ölmüş,12
aynen,12
açılır,12
çocuklar,12
işlemler,12
soybağının,12
dolayı,12
ölçüsünde,12
olma,12
bulunmadığı,12
alınan,12
ek,12
geçerlidir,12
durumunda,12
alabilir,12
görevini,12
dahil,12
sonucunda,12
kurulan,12
tebliğ,12
mahkemesince,12
kıyas,12
kusuru,12
yüz,12
engel,12
ederse,12
geçmesi,12
açma,12
doğrudan,12
boşanmaya,12
kötü,12
önlemler,12
tasarruftan,12
ak,12
tamamen,12
durumda,12
kapsar,12
karşılığı,12
işletmenin,12
mülkiyete,12
kullanma,12
paylaşmanın,12
evlatlık,12
duruma,12
hesap,12
aciz,12
mirasçılık,12
tutma,12
devlet,12
taşınmazlarda,12
görevlisi,12
alacaklısı,12
yapılar,12
terkini,12
senetlerin,12
sonuç,11
durumlarda,11
varlığını,11
oldukları,11
bulunabilir,11
niteliği,11
anda,11
uzun,11
yapılmasına,11
organları,11
sınırlı,11
hükümlere,11
önceden,11
geçen,11
tüzük,11
bulunur,11
zorunludur,11
anı,11
tüzükte,11
gereğince,11
sebeplerle,11
düzenlenir,11
toplantıya,11
hazır,11
görev,11
ki,11
g,11
tasarrufla,11
yetkisinin,11
verilmiş,11
vasiyetnameyi,11
resen,11
borçlarından,11
y,11
tescili,11
alacaklılarının,11
ol,11
yönetimin,11
evlenmeye,11
ermesinden,11
memur,11
sözlü,11
s,11
hemen,11
tarafların,11
alınmasını,11
doğruya,11
konutu,11
yapabilir,11
değişmesi,11
ödenmesine,11
özen,11
ailenin,11
yetkisini,11
haline,11
edebilirler,11
ortaklığın,11
borçlardan,11
etmekle,11
onların,11
sürülebilir,11
tarımsal,11
sağlararası,11
mallarına,11
bakımı,11
kat,11
ortakların,11
yurdu,11
alacaklılara,11
edilmedikçe,11
tasarrufun,11
kısıtlama,11
şeyler,11
taraftaki,11
tamamını,11
açılması,11
değerini,11
kurtarma,11
malikinin,11
sahipsiz,11
malzeme,11
çevrilmesi,11
zilyetliğin,11
senedin,11
hamile,11
hukuk,10
kendisinden,10
takdir,10
şekle,10
kişiyi,10
sorumludurlar,10
m,10
kusurlu,10
den,10
olmadığı,10
hiç,10
yargılama,10
amaç,10
amaca,10
gereği,10
dışındaki,10
yakın,10
al,10
yükümlülükleri,10
tüzükle,10
göstermekle,10
hallerinde,10
mahkemeye,10
mutlak,10
kurulur,10
temsilci,10
vakıflar,10
ilgililerin,10
yapacağı,10
sebepler,10
rapor,10
uğrar,10
yapılabilir,10
açılabilir,10
tehlike,10
kendisinin,10
yüzden,10
süresince,10
korunmasına,10
yıldan,10
işlemeye,10
yetkilidir,10
velayetin,10
babadan,10
zorundadırlar,10
yararı,10
sözleşmenin,10
getirilmesi,10
değerleri,10
yönetme,10
bundan,10
kazandırma,10
artık,10
belirlenmesi,10
eşyası,10
sanat,10
değişiklik,10
ortaklığa,10
mir,10
kocanın,10
yazılır,10
la,10
miktar,10
olabilir,10
devlete,10
teslimi,10
açıldığı,10
borçtan,10
hem,10
sahiplerine,10
alacaklıları,10
bölünmesi,10
paydaşlar,10
malikine,10
taşınmaza,10
kanuni,10
konularda,9
âdet,9
ehil,9
isteği,9
zayıflığı,9
olamaz,9
bulunma,9
nitelikte,9
kararın,9
öğrendiği,9
kaldırılmasını,9
haber,9
olanların,9
gaipliğine,9
tarihinin,9
bilgi,9
düşmesi,9
gaibin,9
gösterilir,9
şarttır,9
kütüğü,9
yerin,9
kaydı,9
özgülenmesi,9
f,9
içeriği,9
bildirimi,9
lan,9
üyelerin,9
amacın,9
tamamının,9
kendisi,9
yukarıdaki,9
gelirleri,9
kamuya,9
özgülenen,9
taraf,9
tarafın,9
babası,9
miktarda,9
sakınca,9
gücünden,9
olacak,9
düşürücü,9
sebebinin,9
birliği,9
çocukların,9
dilerse,9
sebebi,9
vıı,9
şerhin,9
sürece,9
kurulmasına,9
kaybı,9
değerler,9
karşılık,9
tarihte,9
mallarından,9
et,9
tek,9
yararına,9
giren,9
soybağı,9
koşullara,9
karine,9
bırakılan,9
yolu,9
atanır,9
kısmın,9
ortaklardan,9
görevli,9
göreve,9
ine,9
belge,9
tasarrufu,9
terekedeki,9
kısmının,9
beyan,9
alacaklarının,9
istihkak,9
ürünler,9
paydaşlardan,9
beyanlar,9
yükten,9
nasıl,8
borçlarını,8
düştüğü,8
hangi,8
vardır,8
gücü,8
haksız,8
doğum,8
uygulanmaz,8
yerinin,8
ahlaka,8
aşı,8
isteminde,8
dolayısıyla,8
mahkemesinde,8
gerektiriyorsa,8
siciline,8
tarih,8
babasının,8
mahkemesidir,8
geçmiş,8
doğurur,8
tutulan,8
sicilinin,8
hiçbir,8
isteyen,8
doldurmuş,8
kütüğünde,8
kütüğe,8
kurma,8
belgelerin,8
kararına,8
sebeplerin,8
iddia,8
yükümlülükler,8
tam,8
alınabilir,8
iptali,8
iptalini,8
işi,8
erme,8
kurabilir,8
görülen,8
belgeler,8
sıfatıyla,8
kazanır,8
sicile,8
kurulmasını,8
bildirim,8
yapmış,8
kaçınma,8
diğerine,8
hâkim,8
kalkması,8
verilemez,8
yükümlülüklerini,8
terk,8
serbestçe,8
kabulü,8
devamı,8
soyadını,8
aralarında,8
ölen,8
anlaşmalar,8
kira,8
belirleyeceği,8
cebri,8
borçların,8
ödemek,8
artış,8
yükümlülük,8
alım,8
paylaştırma,8
hakka,8
sözleşmeden,8
başına,8
karşılanır,8
erince,8
babalık,8
süreler,8
ilişkisi,8
kuruma,8
inin,8
girer,8
eğitimi,8
mesi,8
sağlığında,8
dayanan,8
usul,8
vesayeti,8
vasiliğe,8
atanması,8
vesayetin,8
artırma,8
iyi,8
mira,8
çıkması,8
terekeden,8
arzularını,8
devrini,8
alınmış,8
rehnedilmiş,8
borcunu,8
paydaş,8
sınır,8
parçası,8
kısıtlamaları,8
arazisine,8
komşu,8
mülkiyetine,8
kaynak,8
yükünün,8
rehinden,8
ipotekten,8
zilyetliği,8
idiyse,7
yararlanır,7
kurallarına,7
uymak,7
yet,7
sicil,7
senetler,7
biriyle,7
küçüklerin,7
yoktur,7
gösterilen,7
kısıtlılar,7
kalma,7
oturduğu,7
aşırı,7
saldırıya,7
davalının,7
kayıt,7
ölü,7
ölümünde,7
ger,7
sicili,7
şahsen,7
araştırma,7
bulunmuş,7
değişiklikler,7
edilmiştir,7
mülki,7
kişiliği,7
kurulamaz,7
kazanma,7
asliye,7
kaydedilir,7
metninden,7
çıkarılmıştır,7
kurulunca,7
üyeleri,7
çıkan,7
borçlarının,7
çağrı,7
yetkileri,7
kararları,7
işlem,7
düşerse,7
defa,7
şube,7
açabilirler,7
şa,7
yararlı,7
düzenlenmiş,7
mahkemesine,7
koşulların,7
temsilcinin,7
konuda,7
kısıtlının,7
bunlardan,7
dini,7
yönelik,7
şekil,7
doğmuş,7
t,7
noter,7
ed,7
gerektiği,7
doğacak,7
birliğinin,7
beraber,7
davanın,7
biçimi,7
bilir,7
gelecek,7
olmaz,7
birliğin,7
ihtiyaçları,7
işlerini,7
miktarının,7
yaşama,7
sebebe,7
konut,7
sınırlar,7
sözleşmesinin,7
güvenlik,7
anlaşma,7
anındaki,7
ödenmiş,7
alacaklar,7
mahsup,7
öğrendikleri,7
sine,7
paylaşmaya,7
tanıma,7
ilişkide,7
doğar,7
babaya,7
evlât,7
at,7
yürürlüğe,7
süreden,7
dairelerinin,7
dan,7
çık,7
arılan,7
velayeti,7
olanlara,7
tevdi,7
korumak,7
özgülenme,7
ortaklar,7
payları,7
yönetici,7
elverişli,7
uyuşturucu,7
bağımlılığı,7
raporu,7
yerinde,7
gecikmeden,7
vasiye,7
kullanabilir,7
evrakın,7
girme,7
ödemekle,7
sözleşmeleri,7
zararlardan,7
olmasa,7
satın,7
anında,7
tarihin,7
tasarruflar,7
alacaklarını,7
karşılayacak,7
arta,7
payların,7
eklenti,7
paydaşların,7
kazandırıcı,7
yapıyı,7
suyun,7
geçit,7
hayvan,7
türk,7
kanununun,6
taraflardan,6
ehliyetine,6
kılar,6
benzer,6
bulunmaması,6
ayrık,6
hısımları,6
edinilmesine,6
yerini,6
kişiliğin,6
istenemez,6
zedelenen,6
bildirilmesi,6
uğradığı,6
verildiği,6
soyadı,6
rahmine,6
andan,6
anlaşılırsa,6
usulüne,6
yapıldığı,6
ispatlanmış,6
kullanılır,6
amaçla,6
edilmek,6
yapılamaz,6
hakkındaki,6
ilgilinin,6
sütununa,6
kazanırlar,6
organı,6
belgeleri,6
tebliğinden,6
feshi,6
savcısı,6
maddenin,6
yapmak,6
oy,6
zorunda,6
oluşur,6
toplantı,6
aldığı,6
yönetmek,6
ibare,6
hakkından,6
yapar,6
ödemede,6
acze,6
faaliyette,6
istemiyle,6
görüşü,6
hu,6
karşılıklı,6
hususlar,6
un,6
anlaşılan,6
noterlikçe,6
belirlenmiş,6
edilmesini,6
getirilmesini,6
senedine,6
yaparak,6
kılan,6
sağlar,6
dağıtılır,6
evlenmeden,6
ödemeler,6
birbirlerine,6
hediyeler,6
erkek,6
kadın,6
evlenemez,6
kadının,6
gebe,6
birbiriyle,6
başkanı,6
gösteren,6
evrak,6
kazanan,6
yanılma,6
korkutma,6
olmaktan,6
iptaline,6
evlenmesi,6
ar,6
korur,6
davaya,6
sebebini,6
ihtar,6
etmiş,6
davalı,6
tutarak,6
ayrılığa,6
düşecek,6
kalkar,6
fiilen,6
durumlarına,6
kaldırılmasına,6
nan,6
ilişkisinin,6
bunları,6
konudaki,6
müteselsilen,6
edilmesine,6
belirlenmesinde,6
yükümlülüğünü,6
taraflar,6
temsilcisi,6
zarara,6
ortaklığının,6
söz,6
yapılmışsa,6
aşağıda,6
sözleşmeye,6
mülkiyetinde,6
katkıda,6
bulunmuşsa,6
değerine,6
hesaplanır,6
ödenecek,6
bağlanmış,6
erdiği,6
alacağını,6
zamanındaki,6
alacağının,6
yarısı,6
borçludan,6
taşınmazlara,6
ayrılığı,6
isteminin,6
şerhi,6
güvenceye,6
mı,6
geçiş,6
mahsuben,6
sürebilir,6
doğumdan,6
tanıyanın,6
olmasından,6
kayyıma,6
aya,6
fiili,6
durumları,6
yükümlülüklerine,6
bakanlar,6
hükümden,6
atar,6
haklarına,6
ini,6
eri,6
hesabı,6
mad,6
hakimine,6
ondan,6
yaşayan,6
zarardan,6
ödeyerek,6
payın,6
ölümünden,6
kütüğündeki,6
alkol,6
yol,6
getirmekle,6
vermeden,6
kısıtlanması,6
atama,6
atayabilir,6
yirmi,6
defteri,6
şeylerin,6
taşınırlar,6
paranın,6
artırmayla,6
devletin,6
olmasıyla,6
bırakana,6
etkisi,6
gideri,6
mirasbira,6
bırakma,6
orantılı,6
artmıraşçı,6
onmirasçı,6
malını,6
terekeyi,6
arzusunun,6
tutulması,6
elinde,6
zilyedin,6
bulan,6
geçerliliği,6
şeye,6
kamulaştırma,6
tescilden,6
zilyetliğini,6
kaynaklar,6
kapsamına,6
alt,6
orman,6
zanaatkarlar,6
nama,6
tahvil,6
rehnedilen,6
kullanılmasını,5
bulunamaz,5
doğru,5
sebeplerden,5
tir,5
gücünün,5
doğurmaz,5
küçükler,5
hısımlığı,5
birbirine,5
diğerinden,5
kayın,5
ticari,5
kuruluşlar,5
ceza,5
onları,5
kim,5
sebeplerinden,5
davalar,5
davacı,5
ermiş,5
tespitini,5
erine,5
geçmez,5
adın,5
tarihi,5
günden,5
ehliyetini,5
sinin,5
kaydın,5
tehlikesi,5
eğer,5
ilandan,5
devletçe,5
katılması,5
memura,5
davaları,5
düzeltme,5
cinsiyet,5
dışı,5
resmî,5
iradesi,5
olar,5
eren,5
kişileri,5
kuruluşu,5
gerçekleştirmek,5
tüzüğü,5
tüzüğünde,5
üyelik,5
aykırılık,5
edildiği,5
istenir,5
iç,5
yazıyla,5
nitelikleri,5
edilemez,5
bazı,5
gerçekleşmesi,5
gördüğü,5
çağrılır,5
kararlar,5
u,5
istenen,5
gazete,5
yoksunluk,5
kararlarına,5
olmamak,5
görevleri,5
olanaksız,5
yasak,5
yurt,5
açılacak,5
oluşan,5
işleminin,5
başvurma,5
hakiminin,5
ilgililer,5
yönetmelik,5
senedinde,5
yeterince,5
vakfı,5
yönetime,5
arin,5
senedindeki,5
gelirlerini,5
görüşünü,5
aldıktan,5
bağlar,5
kimseler,5
taraftan,5
olmayanlar,5
temsilcisinin,5
evlenmek,5
töreni,5
butlan,5
açılan,5
belgesi,5
işlemi,5
butlanı,5
sınırlanması,5
gücünü,5
aldatma,5
oluşturan,5
yönünden,5
zina,5
diğeri,5
işleme,5
kimin,5
bizzat,5
hususunda,5
süresinin,5
davada,5
nafakanın,5
toptan,5
ıradın,5
bağlayabilir,5
alacaklısının,5
sözleşmeyle,5
menfaatine,5
giderlerine,5
giderlerin,5
sağlamak,5
emek,5
temsili,5
işlemlerden,5
kaldırabilir,5
belirler,5
ara,5
kaçınması,5
tasarrufların,5
farklı,5
ikisi,5
tamamlanması,5
vermekten,5
dönme,5
kurtarabilir,5
nedeniyle,5
ödenen,5
erdirilmesine,5
usule,5
hesaba,5
ihbar,5
değerinden,5
önüne,5
sürüm,5
geçim,5
sözleşmesinde,5
öngörülmüş,5
tanınmasını,5
paylaşmadan,5
kazandırmaların,5
paylar,5
bedelinin,5
konutta,5
edeceği,5
beşinci,5
sözleşmede,5
kanunla,5
rızanın,5
alınmasına,5
geçtikten,5
ananın,5
olmadığını,5
atanacak,5
tanımanın,5
ölmüşse,5
süreyle,5
bulunuyorsa,5
yapan,5
bedensel,5
muhtaç,5
kesinleşmiş,5
usuli,5
menfaatini,5
göstermek,5
ödenir,5
ettikleri,5
olanağı,5
evi,5
kayyımın,5
alarak,5
belirlediği,5
alacaklısına,5
gözetim,5
özenle,5
almakla,5
bedelin,5
bulunmak,5
arı,5
ortağın,5
durumuna,5
rehniyle,5
gösterdiği,5
meclisi,5
görevlerini,5
tarzı,5
cezasının,5
işlerinde,5
vasilikten,5
vereceği,5
rehnedilmesi,5
kullanılabilir,5
ön,5
değerli,5
satılması,5
hesabın,5
yapmakla,5
görevine,5
dörtte,5
art,5
geçirme,5
mirasa,5
düzenlenmesi,5
tasarrufa,5
düzenlenmesine,5
edimlerin,5
tenkisini,5
idaresi,5
tanınan,5
bölünmesine,5
mirasta,5
yolla,5
güvencesi,5
arz,5
edim,5
kayıtsız,5
şartsız,5
reddin,5
sonunda,5
re,5
bulunduran,5
paylaşmada,5
bölünme,5
denkleştirmeye,5
parça,5
tarım,5
itibarıyla,5
paydaşın,5
tapuya,5
işgal,5
kayması,5
zilyedi,5
komşuluk,5
mecra,5
kütükte,5
iyileştirme,5
kolluk,5
sağladığı,5
sahibinden,5
bina,5
ipoteğin,5
tescilde,5
parası,5
sıralarına,5
senetleri,5
aracı,5
hakimiyeti,5
emtiayı,5
fıkralarda,5
yolsuz,5
bilimsel,4
kötüye,4
beklenen,4
olguların,4
oluşturur,4
ispatı,4
kitap,4
edinebilir,4
girebilir,4
sekiz,4
bunlara,4
mayan,4
temsilcilerinin,4
üstsoy,4
kendisini,4
sınai,4
nakli,4
mümkündür,4
bulunulamaz,4
se,4
korunmasını,4
saldırı,4
hakimden,4
tehlikesinin,4
istemleri,4
verilmesine,4
devredilemez,4
kullanan,4
sebeplere,4
numarası,4
değiştirilmesine,4
gören,4
sonu,4
bulunduğunu,4
lira,4
eme,4
verilecek,4
sürede,4
çıkar,4
edilirse,4
gerçekleştiği,4
atanan,4
tutmak,4
türkiye,4
bakanlığının,4
olmaması,4
yapıda,4
sağlığı,4
alınacak,4
raporuyla,4
tıbbi,4
bilinmeyen,4
gazetede,4
bildirimin,4
kütükteki,4
özgülenmiş,4
yaş,4
koşulu,4
olmakla,4
işlerinin,4
yedi,4
kazanç,4
kurulunun,4
amirine,4
verdikleri,4
yönetmelikte,4
noksanlık,4
ta,4
istemin,4
derneğe,4
başvuru,4
tutulacak,4
çıkarılma,4
sahiptirler,4
üncü,4
gelmek,4
yapamaz,4
malvarlıkında,4
ödenti,4
üyeler,4
katılırlar,4
ti,4
organların,4
gör,4
üyelerden,4
araya,4
sayısı,4
üçte,4
toplantıda,4
aranmaz,4
katılan,4
arada,4
çoğunluğuyla,4
uyuşmazlık,4
kullanamaz,4
öğrenmesinden,4
üyeden,4
getirir,4
sonuçlarını,4
gelmesi,4
erdiğinin,4
savcısının,4
faaliyetten,4
derneklerin,4
faaliyetleri,4
uluslararası,4
izniyle,4
yerlerde,4
federasyon,4
verilmesiyle,4
gelirler,4
fa,4
dayanıyorsa,4
müdürlüğünce,4
başvuran,4
tesciline,4
vakfa,4
noksanlıklar,4
gerektirmez,4
verilmeden,4
alınarak,4
irade,4
özgülenir,4
vermiş,4
düzenleyen,4
ayı,4
gecikmeksizin,4
hali,4
tazminatı,4
harcamalar,4
yaptıkları,4
sebepsiz,4
engelleri,4
pek,4
evlatlığın,4
mahkemesinden,4
cüzdanı,4
baş,4
görülür,4
tanığın,4
enin,4
butlanına,4
razı,4
onunla,4
hastalık,4
süresine,4
kar,4
sayılırlar,4
verilirse,4
açılmış,4
aşar,4
davasında,4
haysiyetsiz,4
işler,4
kalmamışsa,4
davasını,4
tarafları,4
taraflarca,4
menfaatlerini,4
değişiklikleri,4
olsun,4
koca,4
boşanmada,4
ödeneceğini,4
mirasçısı,4
zor,4
feri,4
birliğini,4
hâkimin,4
bildirimde,4
çocuklara,4
ciddi,4
yararlanmaya,4
önlemi,4
önlem,4
bulunanın,4
birini,4
rejimini,4
rızasını,4
davalarda,4
ölenin,4
örtülü,4
yapılmasını,4
karşılığını,4
vererek,4
icrası,4
değerlerinin,4
içerisinde,4
geçilmesine,4
katkısı,4
elden,4
paylarının,4
peşin,4
katılır,4
eklenir,4
toplam,4
değerin,4
çocuklarının,4
paylarını,4
gözetilir,4
yaşadıkları,4
sanatı,4
mallarda,4
eksik,4
miktarla,4
rejiminde,4
paylaşmalı,4
günündeki,4
edinilen,4
kazandırmada,4
bedelini,4
kullanmaya,4
inde,4
lar,4
kanundan,4
var,4
kullanarak,4
mallarıyla,4
edinilmesi,4
oranı,4
ölümüyle,4
sonucu,4
düşme,4
cinsel,4
gecikme,4
arak,4
olmaları,4
nerede,4
bakılmaksızın,4
edinene,4
bentte,4
edinmeye,4
kararda,4
mi,4
bulundurulur,4
miktarını,4
güvencenin,4
atanmasına,4
çocuğu,4
kıldığı,4
belirleme,4
belirtilmedikçe,4
öncelikle,4
edimler,4
arsa,4
aksini,4
zamanlarda,4
sıra,4
yükümlüsü,4
oluşturduğu,4
takibi,4
mall,4
yönetir,4
il,4
ayrılan,4
getirilecek,4
uz,4
kiraya,4
daireleri,4
işlerin,4
ur,4
makamlar,4
bağlayıcı,4
dinler,4
niteliğine,4
istek,4
engelliliği,4
getirmek,4
kayyımı,4
terekede,4
alımı,4
satımı,4
özgürlüğün,4
kurumdan,4
gecikmesinde,4
edebileceği,4
yetkilerine,4
vasiyi,4
kurtulur,4
yürütülmesi,4
yapmaya,4
kayyumun,4
süreli,4
acele,4
beyanı,4
aylık,4
kanunen,4
zararı,4
belirtilir,4
derece,4
olmuş,4
bulunmadan,4
yazımı,4
çıkarılanın,4
yüklemeler,4
açılmasından,4
tenkisi,4
artmıraşçıya,4
sıfatını,4
almış,4
yazar,4
tanıklar,4
yazılmış,4
çıkarsa,4
edimleri,4
görevlisinin,4
ilgililere,4
açılma,4
rağmen,4
değerinde,4
çeyiz,4
tarihinde,4
topluluk,4
kasten,4
cenin,4
gaibe,4
yan,4
defterinin,4
ele,4
bırakanın,4
haklarından,4
reddeden,4
tutulmasını,4
mahke,4
taşınmazlardan,4
alacakların,4
herkese,4
eşyanın,4
sözleşmelerin,4
alacaklarda,4
dönemsel,4
birleştirilen,4
devredilebilir,4
onarım,4
kurulmuşsa,4
çıkarılması,4
sahipleri,4
bölümler,4
arazisi,4
sürüklenen,4
davasız,4
yerler,4
sınırlıklar,4
yapının,4
kazı,4
suyu,4
sulama,4
yeraltı,4
hayvanlar,4
nitelik,4
terkinini,4
parsellere,4
parsel,4
edilmemiş,4
güvencesini,4
kurtarılmasını,4
planı,4
kararlaştırılmadıkça,4
süresinden,4
yükleri,4
rehne,4
borçlusu,4
aynî,4
bedelinden,4
borcundan,4
idaresince,4
yüklenicilerin,4
defileri,4
kuponları,4
teslime,4
rehnedenin,4
gasp,4
bölgede,4
giriş,4
hukukuna,3
olsaydı,3
kullanırken,3
getirirken,3
dürüstlük,3
düzeni,3
gereklerine,3
özeni,3
tüm,3
ispatla,3
içeriğinin,3
olmadığının,3
kanunlarda,3
kısıtlıların,3
bulun,3
derecesi,3
getiren,3
ermesiyle,3
yerdir,3
edinmemiş,3
veba,3
biyolojik,3
getirmesi,3
hâkimden,3
arına,3
vekaletsiz,3
ad,3
giderilmesini,3
ilanda,3
nüfusa,3
değiştirme,3
iddiasını,3
sicilindeki,3
karinesi,3
cesedi,3
kaybolan,3
zamandan,3
mark,3
bilgisi,3
vermeleri,3
ilanla,3
çağırır,3
gaipliğe,3
sicilin,3
tutulmasına,3
içişleri,3
zararlar,3
bulunarak,3
iznin,3
verilebilmesi,3
izne,3
ekli,3
babalığa,3
işlenir,3
değişikliklerin,3
geçirilmesi,3
toplulukları,3
kendileri,3
özgü,3
haklara,3
aracılığıyla,3
organlar,3
belgesinde,3
kuruluşuna,3
özgülendiği,3
tanımı,3
almaksızın,3
kaynakları,3
örgütü,3
inceleme,3
bulunursa,3
izleyen,3
organlarını,3
olmaya,3
bağlanır,3
kalmaya,3
dernekten,3
iddiasıyla,3
eşitliği,3
üyelere,3
nci,3
ibaresinden,3
tanıyan,3
yönetimine,3
edemez,3
z,3
onursal,3
amacına,3
kaçınmakla,3
oluşumu,3
toplantının,3
konular,3
değişikliği,3
ikisinin,3
toplantısının,3
onda,3
verilmemiş,3
şu,3
açılamaz,3
hükümsüz,3
yedek,3
denetleme,3
hakiminden,3
feshine,3
gelirse,3
alıkoyma,3
amaçlarını,3
amaçları,3
bulunabilirler,3
alınmak,3
koşul,3
kümler,3
maddede,3
yılı,3
kanunlarla,3
geliri,3
milli,3
vakfeden,3
açan,3
engelleyen,3
cumhurbaşkanı,3
özgülenilen,3
sınırlıdır,3
vakfedenin,3
im,3
çalıştırılanlara,3
işçilere,3
yapacakları,3
bölümünün,3
vakıfların,3
kuruluşlarınca,3
denetimi,3
yönetimini,3
duruşma,3
gelmiş,3
yükümlülüklerin,3
olanları,3
çevrilmesini,3
yıla,3
durumunu,3
geldiği,3
bulunmazsa,3
bulunmalarına,3
nişanlılık,3
istemeye,3
onlar,3
uğrayan,3
verenler,3
zenginleşme,3
dinledikten,3
yasaktır,3
getirmiş,3
açacağı,3
bekleme,3
ermişse,3
anlaşılması,3
evliliği,3
kaldırır,3
içlerinden,3
memurluğuna,3
görevlendireceği,3
belgeyi,3
inceler,3
tamamlar,3
evleneceklerden,3
evleneceklere,3
memurunun,3
basit,3
ayın,3
tören,3
yürürlükten,3
evlenen,3
çekilmez,3
başkası,3
kalktığı,3
kalırsa,3
kazanmış,3
sağlanan,3
doğumunun,3
suç,3
yaşaması,3
birliğinden,3
konuta,3
kalmış,3
uyarıda,3
açmak,3
eklenmiştir,3
geçmesine,3
kendilerinden,3
sarsılmış,3
korunmaya,3
ha,3
dinleyerek,3
davalarında,3
etmez,3
düzenlenirken,3
süresinde,3
menfaatleri,3
naf,3
yoksulluğa,3
yükümlüsünün,3
azaltılmasına,3
rejime,3
mirasçılarından,3
vıdı,3
düzenler,3
kararında,3
getirilmemesi,3
yıllarda,3
ölmesi,3
muhakemeleri,3
kanununa,3
davasının,3
kanıtları,3
yardımcı,3
güçleri,3
bulunmaksızın,3
yetkiyi,3
yetersiz,3
tarafı,3
bildirimle,3
eşleri,3
eşiniz,3
görmesi,3
işinde,3
dikkate,3
maya,3
çocukları,3
ilişkileri,3
değerleriyle,3
irinin,3
kararını,3
asıldır,3
ortaklığını,3
ödemeye,3
mahkemeler,3
aşını,3
düşürecek,3
benzerlerinin,3
sayılanlar,3
kullanımına,3
yarayan,3
edilemeyen,3
ın,3
iyileştirilmesine,3
anlaşmayla,3
oranını,3
ayrılır,3
ömür,3
azaltmak,3
kastıyla,3
mallardan,3
anlaşılamayan,3
tutularak,3
değerlendirme,3
değere,3
hayata,3
ödem,3
ayrılmış,3
alacağına,3
iz,3
yürütülür,3
eşine,3
mülkiye,3
mirasçılarının,3
tanınabilir,3
bölümlerde,3
kazandırmaları,3
mirastaki,3
davasına,3
edinilme,3
aileye,3
almaya,3
paylaşım,3
indirilir,3
or,3
eşyasını,3
bulundurarak,3
süresini,3
kullandığı,3
vekil,3
yetkisine,3
bulur,3
mala,3
iyileştirilmesi,3
kanunu,3
aleyhine,3
sur,3
inandırıcı,3
doğumu,3
sel,3
balık,3
senette,3
beyanla,3
gereklidir,3
geçersiz,3
beyanda,3
tanımayı,3
hazine,3
düş,3
hazineye,3
ba,3
girmesi,3
mümkün,3
olmadığına,3
edinilebilir,3
anın,3
tutanağa,3
dahi,3
almadan,3
bilinmiyorsa,3
küçüğe,3
yerleştirilir,3
aracılık,3
kurumun,3
cümle,3
zihinsel,3
edinmede,3
taşır,3
değil,3
hısımlarına,3
bırakılmış,3
nafakaya,3
bulundukları,3
altıncı,3
alınamaz,3
kısıtlanan,3
tarafa,3
onlardan,3
geçersizdir,3
katılmasına,3
sına,3
atanabilir,3
kule,3
sermaye,3
zorunluluk,3
serbest,3
menfaatlerine,3
p,3
bırakılabilir,3
tasarrufunda,3
evde,3
ye,3
aldıkları,3
etmediği,3
kurumlar,3
sağlanır,3
yaşayanların,3
halkından,3
alışılmış,3
etmedikçe,3
makamdan,3
ister,3
kalacak,3
hısımlar,3
ortakları,3
işlemlerde,3
erdirme,3
getirilebilir,3
işletmesi,3
bildirmeye,3
azın,3
reh,3
eklentileri,3
yoluna,3
yurda,3
sıraya,3
ves,3
ayet,3
menfaatinin,3
belirtilmiş,3
yaparlarken,3
idari,3
savurganlığı,3
özgürlüğü,3
infazına,3
yerindeki,3
değiştiremez,3
rızaları,3
valilik,3
vasiliği,3
atanma,3
va,3
kısıtlanmasına,3
görevin,3
danışmanlık,3
kayyımlığı,3
imse,3
yoldan,3
ehliyetinin,3
işlerde,3
parayı,3
kefil,3
çıkarılır,3
iği,3
ver,3
itibaren,3
kararların,3
ili,3
vakit,3
defterin,3
satılır,3
taşınırız,3
niteliğini,3
satışa,3
ailesi,3
zorunluluğu,3
paralar,3
dönüştürülmesi,3
tamam,3
gününden,3
zamanında,3
ücret,3
görevlendirilmiş,3
yetkiye,3
verecek,3
hâllerde,3
sigortası,3
dairelerinde,3
ettirilemeyen,3
kendiliğind,3
sse,3
anmış,3
işin,3
atanmasını,3
görevinin,3
dolması,3
görevinden,3
alınma,3
surette,3
davranışlarda,3
onaylanması,3
yıldır,3
mirasçıdırlar,3
halefiyet,3
yerlerini,3
üçü,3
aşçı,3
zorlama,3
it,3
kimselerin,3
sigortacıya,3
devretmesi,3
açamaz,3
maz,3
belirtilmemişse,3
almasını,3
kazandırmayı,3
atadığı,3
reddetmesi,3
onmirasçıya,3
ağlıdır,3
göstermez,3
mirasbırak,3
reddederse,3
bölümünü,3
mirasını,3
bağdaşmayan,3
şekilleri,3
memurun,3
vasiyetnameye,3
içerdiğini,3
tanığa,3
önlerinde,3
yapıldığını,3
gördüklerini,3
imzalarlar,3
tanıklara,3
okur,3
onlara,3
mirasbırakanı,3
ederek,3
yöneticisi,3
dönebilir,3
başladığı,3
tahsil,3
plan,3
taahhüt,3
ip,3
tasarruflarda,3
paylarına,3
kazandırmanın,3
oranda,3
etmemesi,3
karşılayan,3
borcunun,3
sözleşmesinden,3
kısmını,3
olanın,3
ileride,3
edilmeden,3
geçecek,3
tesliminden,3
sıfatlarını,3
teslimini,3
kurallara,3
yönetilmesine,3
mühürleme,3
güvenilir,3
örneği,3
bildirildiği,3
tutulacağı,3
alacaklılarına,3
verilmediği,3
etkili,3
kefalet,3
kanın,3
mah,3
ifade,3
olsalar,3
yazılan,3
takip,3
süremez,3
giderlerinin,3
yapılacağı,3
kura,3
anlaşamazlarsa,3
muacceliyet,3
ödeyen,3
adetlere,3
birleştirme,3
mülkiyette,3
tamamına,3
rehnedilebilir,3
oybirlikiyle,3
istemek,3
eşyayı,3
toprağın,3
dışarıdan,3
maldan,3
yararlanabilir,3
paydaşlıktan,3
ettirme,3
gerçekleştirilir,3
satışın,3
sayfaya,3
suların,3
parçaları,3
heyelan,3
kütüğünün,3
aralıksız,3
zilyetliğinde,3
parçasının,3
malikten,3
tescilini,3
mülkiyetini,3
kapsam,3
birbirini,3
malzemesini,3
malzemenin,3
sökülüp,3
taşkın,3
araziye,3
binanın,3
yapılara,3
ormanlar,3
âdete,3
kullanılamaz,3
kullanmaktan,3
akan,3
zararına,3
suları,3
arazisinde,3
değişirse,3
geçidi,3
biçimine,3
şeyleri,3
oğlu,3
ödeninceye,3
maliklerin,3
yararlanmaları,3
korunduğu,3
kaybedilmiş,3
kuvvetlerine,3
muhtara,3
hizmeti,3
ödül,3
define,3
işleyen,3
kaybedilmesi,3
malikini,3
tescilinde,3
parselin,3
kararlaştırılan,3
getirirse,3
tüketilebilen,3
muhafazası,3
kaydedilebilir,3
tarihteki,3
rehninin,3
türleri,3
derecenin,3
sıralarını,3
bedelleri,3
yüklerden,3
kuruluşunun,3
ipotekle,3
dayanağı,3
senedini,3
senedinden,3
ibraz,3
tahviller,3
ödüncün,3
seri,3
senetlerde,3
sırasına,3
işlemlerin,3
makbuzun,3
devreden,3
kaçınabilir,3
elinden,3
yevmiye,3
değiştiren,3
değişen,3
maddeleri,3
verirken,2
yargı,2
davranma,2
iyiniyetin,2
tanıdığı,2
gereklerini,2
nitelikli,2
belgelerle,2
kanıt,2
düzeninin,2
borçlara,2
fiilleriyle,2
erginlik,2
yeteneğinden,2
kullanmada,2
fiillerinden,2
hışımlık,2
tanım,2
bıraktığı,2
halen,2
kurumuna,2
sonucunu,2
vazgeçme,2
vazgeçemez,2
sınırlayamaz,2
aş,2
saldırıda,2
kamusal,2
yetkinin,2
kılınmadıkça,2
halk,2
önlenmesini,2
etkileri,2
saldırının,2
düzeltmenin,2
kazancın,2
görme,2
bırakan,2
adının,2
çekişmeli,2
kullanılan,2
kurumunun,2
ölümle,2
doğmak,2
ölümün,2
kişiden,2
hepsi,2
sicilinde,2
ölümüne,2
gözle,2
bakılmayı,2
kaybolursa,2
kuvvetli,2
kimseleri,2
ilanın,2
aydır,2
alınamazsa,2
cumhurbaşkanlığının,2
onayı,2
memurluğu,2
dışişleri,2
başbakanlığın,2
tutulmasından,2
başvuruda,2
değişikliğine,2
bildirme,2
bildirimler,2
kimliği,2
vermesi,2
cümlesinde,2
olduğunun,2
bildirmesi,2
yine,2
kaydolunur,2
kime,2
kaydının,2
kazanamaz,2
kısıl,2
cins,2
hısımlık,2
organlara,2
açıklanır,2
yönetildiği,2
tasfiyesine,2
güden,2
güttüğü,2
ticaret,2
çalışmalarını,2
kişiliğe,2
topluluklarıdır,2
gösterilmesi,2
ludur,2
düzenlenmemiş,2
bildirimini,2
bildiriminin,2
ibaret,2
amir,2
altmış,2
dosya,2
incelenir,2
bildiriminde,2
durumlarında,2
giderilmesi,2
mahkemeden,2
bulunmaz,2
ik,2
toplantısı,2
etmeye,2
zorlanamaz,2
derneklere,2
çıkma,2
gösterilebilir,2
çıkarılabilir,2
ilkesi,2
dil,2
ırk,2
eklenmiş,2
üyenin,2
kullanmak,2
nir,2
amacının,2
karşılanması,2
düzenine,2
gerçekleşmesini,2
za,2
toplanır,2
yılda,2
beşte,2
üyeyi,2
çağırmakla,2
görevlendirir,2
gelmeden,2
katılımıyla,2
günü,2
ertelenmesine,2
yeter,2
te,2
salt,2
çoğunluğun,2
sağlanamaması,2
ertelenmesi,2
çoğunluk,2
bırakılamaz,2
başkan,2
yeteri,2
maddesinde,2
ibareleri,2
hükmüne,2
istisna,2
stsoyu,2
kullanacak,2
içi,2
yolları,2
kararlarının,2
butlanla,2
asil,2
sayıda,2
uy,2
say,2
yürütme,2
usullere,2
yapılmamış,2
düşmüş,2
yapılamaması,2
tüzüklerinde,2
çalışma,2
yasaklanan,2
ni,2
faaliyet,2
işbirliğinde,2
kuruluşlara,2
katılabilirler,2
ırler,2
kurabilirler,2
federasyonlar,2
gelmeleri,2
federasyonun,2
konfederasyon,2
konfederasyonun,2
kurulunda,2
şalvarlığından,2
niteliklerine,2
temel,2
senetle,2
nezdinde,2
bulunmasına,2
temyiz,2
mahkemenin,2
müdürlüğü,2
merkezi,2
başvurunun,2
kuruluştan,2
khk,2
yöneticileri,2
yararlananlara,2
seçerler,2
olmalarına,2
hükümlerin,2
yönet,2
alındıktan,2
getirmedikleri,2
kur,2
denetlenir,2
değiştirebilir,2
alanı,2
seçebilir,2
arzusuna,2
değişikliğe,2
araçlarla,2
alıkoyabilir,2
başvurur,2
silinir,2
nişanlanma,2
kısıtlıyı,2
nisanlılığın,2
nişanın,2
nişan,2
çerçevesinde,2
ererse,2
alışılmışın,2
ermenin,2
evlenmesine,2
bulundukça,2
feshini,2
geçmedikçe,2
biter,2
evliliğinden,2
süreyi,2
evlenmelerinde,2
urlar,2
belediye,2
köylerde,2
adını,2
imzası,2
belgesini,2
hastalığının,2
bulunmadığını,2
raporunu,2
incelenmesi,2
görürse,2
ürünün,2
başvurabilir,2
bulunduğuna,2
kaldırılırsa,2
verilmesinden,2
dairesinde,2
törenin,2
maddesi,2
kaldırılmıştır,2
olumlu,2
batıl,2
vlenm,2
ilgisi,2
fakat,2
but,2
evlenmeyi,2
kişiyle,2
yanılarak,2
olmuşsa,2
eşinde,2
eşinin,2
namus,2
yakınlarından,2
hayatı,2
öğrenildiği,2
etkisinin,2
başla,2
yarak,2
uymama,2
butlanını,2
uyulmaması,2
davayı,2
sürdürebilirler,2
kaybeder,2
affeden,2
hay,2
onur,2
kırıcı,2
davranış,2
davranışta,2
sürme,2
sürer,2
ötürü,2
diğerini,2
dönmediği,2
sürmüş,2
sı,2
dönmesini,2
es,2
sonuçlar,2
fıkralarında,2
temelinden,2
yukarıda,2
niteliğinde,2
kanaat,2
boşanmanın,2
bulması,2
hükmolunur,2
reddine,2
açmaya,2
davadan,2
aydan,2
oturdukları,2
açılınca,2
barınmasına,2
geçimine,2
ilişkinse,2
hayatın,2
olaylar,2
kazandığı,2
bekarlık,2
kocasının,2
kocaya,2
yoksulluk,2
geçimi,2
süresiz,2
tazminatın,2
kaldırılır,2
yıllar,2
boşanmadan,2
tasfiyesinde,2
ayrılığın,2
şler,2
olamazlar,2
tasarruflarla,2
ilişkilerini,2
düzenlemesinin,2
verilmeyen,2
düzenlenmesinde,2
yararları,2
katılmak,2
ünlü,2
dayandığı,2
taraflara,2
sonuçlarına,2
erebilir,2
elbirliğiyle,2
yönetirler,2
kılınmışsa,2
işini,2
duyuru,2
değiştiğinde,2
değiştirilebilir,2
seçiminde,2
iznini,2
mesinde,2
huzur,2
kişilerle,2
sözleşmesini,2
sağlayamayan,2
müdahalesini,2
müdürlüğünden,2
unun,2
birin,2
parasal,2
çalışması,2
katkı,2
huzuru,2
ört,2
borçlulara,2
getirmezse,2
ödemeyi,2
varlığının,2
yükümlülüğün,2
istedikleri,2
değiştirebilirler,2
borca,2
ortaklıktaki,2
rejimine,2
takibinde,2
rejimin,2
sorumluluktan,2
emesi,2
envanter,2
olum,2
önlemez,2
güçlüklere,2
sokacaksa,2
tutar,2
şunlardır,2
tazminatlar,2
maldır,2
mesleğin,2
gelirlerinin,2
kararlaştırabilirler,2
hangisine,2
maldaki,2
malvarlıkıyla,2
kabulüyle,2
eşte,2
yapabilirler,2
artışı,2
sırasındaki,2
artışından,2
hesaplanması,2
ayrılması,2
kurumlarınca,2
kurumunca,2
uygulanan,2
boyunca,2
döneme,2
sermayeye,2
çevrilmiş,2
tasfiyede,2
eklenecek,2
uyuşmazlıklarda,2
kesimini,2
sokar,2
kesime,2
azalması,2
miktarlar,2
çıkarıldıktan,2
alınmaz,2
işletmeye,2
tanır,2
yatırım,2
kast,2
zedeleyemez,2
işletmelerin,2
bütünlüğü,2
ala,2
güçlükler,2
doğuracaksa,2
ertelenmesini,2
tasfiyenin,2
yetmez,2
eklenmek,2
ma,2
karşılamadığı,2
zedelendiğini,2
ermesinin,2
erdiğinde,2
yanında,2
kullanım,2
yararlanmasına,2
yatırımlar,2
paylaşılır,2
kazandırmadan,2
denkleştirilir,2
ödemelerin,2
tak,2
hangisinin,2
hakkaniyet,2
durumlarını,2
bitiminde,2
ermeden,2
geçirilmesini,2
kiracı,2
esin,2
kalmasına,2
yetmezse,2
tanınmasına,2
kapsasana,2
ortaklığında,2
değerlerini,2
öngörülmedikçe,2
ispatlanmadıkça,2
sokabilir,2
temsiline,2
rızasının,2
malıyla,2
sanatın,2
doğuran,2
olacağı,2
anlaşarak,2
kaynaklanan,2
dır,2
olmasını,2
iflasın,2
istemiş,2
yararının,2
hükmüyle,2
soy,2
bağına,2
göstermezse,2
ederken,2
düşmüşse,2
gerekmez,2
döneminde,2
geçerliliğini,2
kaldığı,2
evlilikteki,2
kaybetmesi,2
ölümünü,2
başlayan,2
memuruna,2
veli,2
bağ,2
anaya,2
geçtiği,2
gecikmeyi,2
kalkmasından,2
belirlenmesini,2
açılmışsa,2
doğumundan,2
olmasının,2
ilişkinin,2
eğitilmiş,2
zedelenmemesi,2
edinemezler,2
inden,2
aşkın,2
yaşamakta,2
edinilenin,2
inen,2
gerektirir,2
geçirilir,2
adları,2
edinenler,2
belirlenmemiş,2
hafta,2
geçirilme,2
kesindir,2
aranmaması,2
l,2
aranıp,2
erginlerin,2
engeli,2
bakılıp,2
anc,2
isterse,2
önleme,2
getirilmiş,2
kin,2
görüşünün,2
değerlendirilir,2
esasa,2
kalkmış,2
yola,2
işlemlerinde,2
kullanırlar,2
fıkrasında,2
husus,2
dair,2
sınırlamalar,2
giderlerini,2
karşılama,2
yetecek,2
sarfedebilirler,2
kendilerini,2
bakan,2
aka,2
değişme,2
yük,2
edilebilirse,2
altındadır,2
üvey,2
çocuklarına,2
ilgi,2
ölüdür,2
sini,2
öz,2
korurlar,2
engelli,2
velayetleri,2
erinin,2
iznine,2
işlemle,2
tina,2
gelişmesi,2
çare,2
korunma,2
yerleştirilmesi,2
kalması,2
deneyimsizliği,2
ilgiyi,2
banın,2
yedinci,2
müdahale,2
kendisinde,2
hâkime,2
arlığının,2
kusurları,2
kaldırılmadıkça,2
sarfı,2
yetiştirilmesi,2
karşılamak,2
ge,2
tiren,2
bırakmışsa,2
vermesini,2
uğraşması,2
talimat,2
abi,2
kuşku,2
kardeşlerine,2
ibarettir,2
istenmesi,2
topluluğun,2
çıraklık,2
halkı,2
düz,2
adil,2
dikkat,2
bulundurduğunu,2
başkalarını,2
emeklerini,2
özgüleyen,2
Alpsoy,2
iflası,2
uğramaz,2
terekesinin,2
anına,2
arında,2
yönetilir,2
yöneticinin,2
rler,2
kaydedilmiş,2
sürülemez,2
anlaşması,2
bildirilmesiyle,2
uzatılmadığı,2
fesih,2
satışı,2
paylaşılması,2
elli,2
arının,2
harcama,2
dayanılarak,2
kurallarını,2
konutlar,2
tarıma,2
eklentileriyle,2
mahkem,2
ece,2
itirazlarını,2
kış,2
taşınmazda,2
hacizler,2
kurmak,2
taşın,2
getirilen,2
yurduna,2
etmesine,2
yapılmaz,2
makamından,2
sürdürülmesi,2
istisnai,2
meclisine,2
makamınca,2
dört,2
malvarlık,2
öğren,2
noterler,2
başkalarının,2
güvenliğini,2
kısıtlanır,2
alınmayı,2
öğrenen,2
savurganlık,2
yönetmesi,2
tehdit,2
infazı,2
infaz,2
kurumunda,2
kişiliğinin,2
makam,2
kümleri,2
raporunun,2
kesinleşince,2
etkilemez,2
sakatlığı,2
dairelerine,2
anması,2
yapabilecek,2
koşullarına,2
ilişkiler,2
millet,2
yardımcıları,2
hizmetinden,2
yasaklılar,2
sürenler,2
bırakılır,2
atamanın,2
rinde,2
halleri,2
ivedi,2
birk,2
bulunmamakla,2
kılarsa,2
sağlanamamışsa,2
danışman,2
kambiyo,2
taahhüdü,2
dilediği,2
kaldırılabilir,2
anır,2
arzeden,2
bulaşıcı,2
ıslahı,2
derler,2
yerleştirme,2
çıkarmaya,2
vesayete,2
düğü,2
yakınları,2
bildirilmesinden,2
ilen,2
hekim,2
ilgiliye,2
kapsamında,2
tahkikatı,2
sahipse,2
doğurduğu,2
saklanması,2
benzerleri,2
gözetimi,2
güvenli,2
konulur,2
iii,2
taşınışların,2
azlığını,2
pazarlıkla,2
taşıyan,2
satılamaz,2
paraların,2
yatırılması,2
yatırılır,2
yatırılmasını,2
yatırımların,2
yatırımlara,2
işletmeler,2
talimatı,2
ihale,2
onamasıyla,2
küçüklerde,2
yetkiyle,2
kısıtlılarda,2
görüşlerini,2
oluşturma,2
açıklama,2
işl,2
haktan,2
üzer,2
Versay,2
yönetilmesi,2
tarihlerde,2
tasarrufuna,2
kullanır,2
uzatabilir,2
ücreti,2
karşılanmak,2
kayyımlığın,2
yapabilmesi,2
şikayet,2
eylem,2
işlemlerine,2
şikayette,2
sınırlarını,2
ürün,2
konkordato,2
masa,2
una,2
taş,2
bakma,2
hesapları,2
düzeltilmesini,2
sebebiyet,2
zar,2
halinin,2
Eşay,2
işinin,2
ermesine,2
ilgililerden,2
gıldır,2
kısıtlanmış,2
meydan,2
adan,2
kalkmasına,2
alınmasıyla,2
çıktığı,2
hal,2
yetkilerini,2
işten,2
haciz,2
koyabilir,2
yönetimle,2
tiyle,2
sebebine,2
ri,2
babaların,2
babalardan,2
nde,2
olmazlar,2
yapabilmek,2
altın,2
test,2
kısmında,2
tamamında,2
sal,2
yapılırken,2
bakılan,2
kaz,2
hesabında,2
ödenmek,2
lehdar,2
çıkarabilir,2
kana,2
hukukundan,2
getirmemişse,2
getiri,2
yapmışsa,2
özgülemesi,2
belgesinin,2
belgenin,2
yarısını,2
işbırakanın,2
mirasının,2
içeren,2
olabileceği,2
edimin,2
görenin,2
yükümlüsüne,2
reddetmiş,2
bırakmada,2
tasarrufuyla,2
artmirasçıya,2
önmirasçının,2
önmirasçı,2
uyulmak,2
eşme,2
sağlanarak,2
edenin,2
olamaması,2
yapılmamışsa,2
zenginleşmeleri,2
tutarında,2
üzeri,2
imzalar,2
imza,2
yazarak,2
yazdırarak,2
altını,2
ettiğini,2
sonuna,2
ka,2
arzuları,2
görevlendirilen,2
hakime,2
ederler,2
ülke,2
şekillerden,2
vasiyetnameden,2
tamamından,2
kusuruyla,2
belirlenmesine,2
taraflı,2
tarihindeki,2
vasiyetnameyle,2
ehliyet,2
niteliğinden,2
tasarrufundan,2
diğerleri,2
hareket,2
vasiyetleri,2
hazırlar,2
açtığı,2
takipleri,2
vermesine,2
tali,2
şekillere,2
vasiyetnamelerde,2
davalılara,2
tasarruflarının,2
hâlinde,2
azalma,2
kaybeden,2
adıyla,2
bağışlamalar,2
borcuna,2
iddiası,2
düzenlenmesini,2
devredilmiş,2
topluluğa,2
edinmiş,2
gerçekleştirilmesine,2
olamayacakları,2
yapmasını,2
etkiler,2
olabilmek,2
rse,2
kaybolma,2
olduklarını,2
ortada,2
teslimine,2
kalmadan,2
hazinenin,2
geçerse,2
çıkmazsa,2
alanlar,2
geçmesinin,2
geçmesini,2
bulunulursa,2
tutanakla,2
bölümleri,2
hiçbiri,2
bulunup,2
sahiplerinin,2
kaybına,2
bulunmaya,2
muhafaza,2
geçiren,2
bilinen,2
diledikleri,2
değiştirilme,2
ünü,2
geçersizliği,2
anlaşılmıyorsa,2
aralıklarla,2
vasiyetin,2
zenginleşmesi,2
tutulabilir,2
kendilerinin,2
ermez,2
olmayanlara,2
kendisin,2
kütüğün,2
sürelerinin,2
yetmeyen,2
suretle,2
sorumluluğun,2
bildirmeleri,2
çekilir,2
defte,2
göstermesini,2
işlemez,2
beyana,2
biçilmesi,2
istediğini,2
güvenceden,2
tasfiyesini,2
atayacağı,2
düzenlenmesiyle,2
yürütür,2
pazarlık,2
zilyetliğe,2
ortaklığına,2
korumadan,2
miktardaki,2
düşmemesi,2
paylaşmayı,2
paylaşılmasını,2
paylaştırılmasına,2
sağlanmasını,2
devamını,2
bağlayıcıdır,2
arzu,2
olmayıp,2
bilgileri,2
oluşturulması,2
adetleri,2
bölünemeyen,2
bölüştürülür,2
artırmanın,2
bütünlük,2
birbirinden,2
ayrılamaz,2
özgülenmesine,2
üstlenmiş,2
senediyle,2
fazlalık,2
vermez,2
sözleşmeler,2
garanti,2
tamamlanmasından,2
adi,2
miktardan,2
fazlasını,2
yapısı,2
ayrılmasına,2
şeyden,2
işletilmesi,2
kullanılmasında,2
kullanması,2
kaldırılamaz,2
hesabına,2
kararla,2
işlemlerinin,2
kullanılmasının,2
sağlayabilir,2
mülkiyetten,2
tutum,2
davranışlarıyla,2
kısmına,2
parçanın,2
istemlerini,2
getirilir,2
bölüşülmesi,2
bölünen,2
deki,2
rızasına,2
tescille,2
toprak,2
bitişik,2
taşınmazdan,2
makamlarca,2
bölgesi,2
yörelerde,2
sınırın,2
internet,2
sitesinde,2
araç,2
kazanılmış,2
hesaplanmasında,2
kesilmesinde,2
durmasında,2
bitkiler,2
sınırların,2
işaretleri,2
konulmasına,2
duvar,2
parmaklık,2
çit,2
komşunun,2
araz,2
alınmazsa,2
yaptıran,2
taşırılan,2
başlı,2
üzerin,2
gaz,2
elektrik,2
mecranın,2
fidanını,2
tehlikenin,2
kaçınılmaz,2
taşkınlıklardan,2
bedelle,2
satıştan,2
satıcı,2
alıcıya,2
kaçınmak,2
uyulması,2
dal,2
yetişen,2
maliklerinin,2
bitki,2
araziden,2
sularının,2
katlanmak,2
üstteki,2
akıtılması,2
kurutma,2
yerden,2
arazisinin,2
katlanmakla,2
ödemesi,2
gözetilmesini,2
arda,2
mecraların,2
katılmakla,2
olana,2
yapma,2
tarla,2
sütununda,2
sınırlıklarla,2
yararlanması,2
rüzgar,2
çiğ,2
güçlerin,2
etkisiyle,2
rastlantı,2
taşınmazına,2
yangın,2
yollara,2
noktaları,2
malikler,2
ihmal,2
gerekmediğini,2
gerekiyorsa,2
içme,2
ölçü,2
maliklere,2
sağlayacak,2
devredilen,2
devralanın,2
taksit,2
teslimsiz,2
zilyetliğine,2
tekrar,2
oturulan,2
işyerinde,2
bulu,2
saklanmış,2
isteyemezler,2
aşmamak,2
emeğin,2
zenginleşmeden,2
karışma,2
birleşme,2
geçirir,2
kazanılmasında,2
taşınma,2
yüküne,2
sağlayan,2
irtifaktan,2
irtifakın,2
kapsamını,2
belirlemede,2
kullanılış,2
yükünü,2
naklini,2
kullanılacağı,2
etmesidir,2
parseller,2
parsellerin,2
taşınırlarsa,2
kişilerde,2
harap,2
eklemeleri,2
olgunlaşan,2
faizleri,2
tarihe,2
teslimden,2
vergi,2
resimleri,2
ödemişse,2
gi,2
intifalında,2
faizi,2
primlerini,2
yararlanmanın,2
içer,2
biçilen,2
ikisine,2
devredene,2
ihtiyaçlarına,2
yenileme,2
içerik,2
sayfa,2
sayfanın,2
ıdır,2
hesaplanış,2
ödenmez,2
dağıtılmasında,2
sınırı,2
taşınmazla,2
sicilde,2
kılınmış,2
yükümlünün,2
yükün,2
türü,2
boşalması,2
edileceği,2
kurulurken,2
belirtilmesi,2
rehnedebilir,2
birleştirilmesi,2
dağıtımı,2
yirmide,2
birinden,2
eklentiler,2
takibe,2
ilanından,2
kısmi,2
gelmişse,2
masraflardan,2
çevrilmesinde,2
sıralarda,2
boşalan,2
dereceye,2
geçme,2
etki,2
boş,2
çevirme,2
ödenmezse,2
ödenmemesi,2
dairesi,2
şunlar,2
çevrilmesinin,2
masrafların,2
öncelik,2
ipoteğe,2
ipoteği,2
alacaklıdan,2
miktarın,2
tuttuğunu,2
bildirmezse,2
yüklendikleri,2
tebliği,2
aşınmaz,2
yükleniciler,2
vermeyi,2
senetlerini,2
dönemin,2
düzenlenebilir,2
ödeyebilir,2
kütük,2
çıkmış,2
ödemesini,2
senetten,2
milyon,2
çıkaran,2
sırası,2
edinimi,2
zilyetlikten,2
yazılmak,2
rehneden,2
tarihine,2
evrakı,2
talimatla,2
senede,2
yeterlidir,2
eti,2
kâr,2
vadeleri,2
işiyle,2
uğraşmak,2
aracılığı,2
makbuzu,2
bilmesi,2
tanıyarak,2
asli,2
şeyde,2
zilyettir,2
dolaylı,2
dolaysız,2
sürdüren,2
olmakta,2
kuvvet,2
etse,2
şah,2
giderilmesine,2
dayanabilir,2
emin,2
korunur,2
çalınan,2
zamanaşımından,2
kaydedilmesi,2
sayfada,2
defterine,2
verilmekle,2
kazanılan,2
görünen,2
belgelemiş,2
tarihlerini,2
yayımlanmasından,2
dokuz,2
sözüyle,1
özüyle,1
değindiği,1
uygulanabilir,1
örf,1
koyucu,1
koyacak,1
görüşlerden,1
kararlarından,1
ilişkilerin,1
dürüst,1
korumaz,1
iyiniyet,1
iyiniyete,1
bağladığı,1
varlığıdır,1
göstermeyen,1
iyini,1
iddiasında,1
tutmayı,1
emrettiği,1
ilişkilerine,1
dayandırdığı,1
belgeledikleri,1
doğruluğuna,1
insanın,1
insanlar,1
olmada,1
eşittirler,1
yaşın,1
doldurulmasıyla,1
kılınma,1
dolduran,1
velisinin,1
kılınabil,1
yaşının,1
küçüklüğü,1
sarhoşluk,1
akla,1
ehliyetsizliği,1
bulunmayanların,1
fiilleri,1
işlemleriyle,1
giremezler,1
kazanmada,1
sıkı,1
sıkıya,1
hısımlığının,1
alay,1
sayısıyla,1
hışımlığı,1
gelmeyip,1
kökten,1
Tansoy,1
dereceden,1
kalkmaz,1
niyetiyle,1
kimsen,1
yenisinin,1
ülkedeki,1
basının,1
bırakıldığı,1
yeridir,1
kurumlarda,1
öğretim,1
konulma,1
sinir,1
lamaya,1
ehliyetlerinden,1
özgürlüklerinden,1
insan,1
kökenli,1
maddelerin,1
adde,1
girmiş,1
olandan,1
edimini,1
ilke,1
saldırılan,1
bulunanlara,1
aykırıdır,1
sürmekte,1
aykırılığının,1
bunlarla,1
yayımlanması,1
üküml,1
tarafça,1
sürülmüş,1
zararının,1
haksızlığın,1
değiştirildiği,1
basın,1
partalında,1
dosyanın,1
değişmekle,1
değişmez,1
değiştirilmesinden,1
edebil,1
başlangıcı,1
tamamıyla,1
doğduğu,1
olmanın,1
süren,1
edilemezse,1
araçları,1
kayıtlarla,1
çek,1
kanıtla,1
bulunamamış,1
gerçekten,1
alınamayan,1
olasılık,1
yerleşmemişse,1
anasının,1
istenebilmesi,1
yapılsana,1
ıştemin,1
dolmadan,1
alınırsa,1
ga,1
iplik,1
haberin,1
alındığı,1
sicille,1
bildirimlerin,1
esaslar,1
görevliler,1
memurlar,1
kayıtlarını,1
örnek,1
memurların,1
görevidir,1
memleketlerdeki,1
temsilcilerine,1
önerisi,1
tutulduğu,1
kaydında,1
değişikliğinde,1
cinsiyetini,1
değiştirmek,1
transseksüel,1
değişikliğinin,1
ruh,1
açısından,1
zorunluluğunu,1
hastane,1
sinden,1
belgelemesi,1
yöntemlere,1
ameliyatı,1
gerçekleştirildiğinin,1
doğrulanması,1
doğumlara,1
durumdaki,1
tanınması,1
düzeltilmesi,1
ölümlere,1
bulunamayan,1
yayımlanan,1
fıkranın,1
üreme,1
Lunar,1
amiş,1
amirinin,1
emriyle,1
düşürülür,1
cesedin,1
kimliğinin,1
eriyle,1
düşünceler,1
yazılarak,1
başlıbaşına,1
örgütlenmiş,1
yaradılış,1
insana,1
niteliklere,1
ehildirler,1
belgelerine,1
sokarlar,1
kusurlarından,1
soru,1
uludu,1
vermedikçe,1
şirketleri,1
birleştirmek,1
oluşturdukları,1
amaçlarla,1
kurucularının,1
eğiştirilmiştir,1
emredici,1
tüzüğünü,1
nelerden,1
doğruluğu,1
kurucuların,1
mamlanması,1
kuruculardan,1
tamamlanmaz,1
giderilmezse,1
açması,1
savcılığına,1
faaliyetinin,1
durdurulmasına,1
belgelerde,1
no,1
ksanl,1
giderilmiş,1
keyfiyet,1
tüzüğünün,1
ilanı,1
fıkrası,1
toplantılarını,1
oluşturmakla,1
kurucuları,1
kimsemse,1
mse,1
aranı,1
kaybedenlerin,1
üyeliği,1
dernekte,1
gösterilmişse,1
sayılamayacağı,1
düzenlenmemişse,1
sürülerek,1
eşitlik,1
renk,1
din,1
mezhep,1
zümre,1
sınıf,1
farkı,1
gözetemez,1
bozan,1
işiler,1
başkaca,1
ayrıcalık,1
uygulamalar,1
faaliyetlerine,1
kurulda,1
oyunu,1
ödentilere,1
üyelikte,1
ödentisini,1
oden,1
sadakat,1
davranmak,1
güçleştirici,1
engelleyici,1
davranışlardan,1
kuruludur,1
oluşturabilirler,1
sorumlulukları,1
toplanması,1
belirtil,1
manda,1
çağrısı,1
toplantılarının,1
üyelerinden,1
çağırmazsa,1
toplantısız,1
çağrısız,1
üyelerinin,1
uymadan,1
geler,1
saati,1
gündemi,1
toplantıları,1
merkezinin,1
çoğunluğunun,1
kurulları,1
sayısının,1
katından,1
defadan,1
açılışından,1
toplantıyı,1
vekili,1
yazman,1
seçilir,1
toplantısında,1
gündemde,1
maddeler,1
görüşülür,1
yeler,1
görüşülmesi,1
şeklindeki,1
konuların,1
gündeme,1
kurulun,1
üyeliğe,1
üyelikten,1
seçer,1
organına,1
görür,1
denetler,1
üyesi,1
kararlarda,1
tüzüğe,1
katılmayan,1
başvurmak,1
tüketilmedikçe,1
sayıldığı,1
boşalmalar,1
tamsaylısının,1
yarısının,1
yapılmazsa,1
organıdır,1
tüzüğüne,1
raporla,1
kuruluna,1
kurula,1
sunar,1
gerçekleşmesinin,1
oluşturulmamış,1
oluşturulmasının,1
üste,1
konuları,1
biçimleri,1
doğrultusunda,1
bulunurlar,1
faaliyetlerle,1
telikli,1
sınırlamalara,1
serbestliği,1
türkiyede,1
yabancıların,1
yerleşme,1
olabilirler,1
örgütlenmesi,1
açmaları,1
kurucular,1
şubenin,1
uygulanacak,1
alanda,1
işbirliği,1
yapılmasında,1
şubede,1
denetçi,1
şubelere,1
kurmaları,1
konfederasyonlar,1
üçer,1
olunurlar,1
federasyonların,1
kurullarınca,1
seçilirler,1
konfederasyonlara,1
kında,1
ödentisi,1
bağış,1
yardımlardan,1
özgülemeleriyle,1
bütünü,1
gerçekleşmiş,1
gerçekleşeceği,1
vakfedilebilir,1
cumhuriyetin,1
anayasanın,1
ilkelerine,1
birliğe,1
menfaatlere,1
cemaat,1
mensuplarını,1
desteklemek,1
tem,1
sil,1
belgeyle,1
belgede,1
özgülenecek,1
başvurulan,1
bilirler,1
müdürlüğünde,1
gönderilir,1
kaydolunan,1
anca,1
kazanılmasıyla,1
vakfedilen,1
idaresine,1
haklarla,1
örgütlenme,1
kazanması,1
reddini,1
tamamlattırınabileceği,1
erleş,1
tamamlattırılır,1
gerçekleşmesine,1
açıklamasında,1
imara,1
amaçlı,1
bağışlamaya,1
tasarruflara,1
organının,1
gösterebilir,1
vakıflarının,1
işleyişi,1
bilgiyi,1
çalıştırılanlar,1
işçiler,1
temsilcilerini,1
Abid,1
iğince,1
aralarından,1
çalıştırılanların,1
işçilerin,1
ödemelerle,1
sağlanacak,1
işverene,1
alacağından,1
sağlanmış,1
yararlananların,1
edimlerinin,1
isteyebilmeleri,1
tanımış,1
vakıflarında,1
ime,1
katılmaları,1
vakıftan,1
hükümlerde,1
organın,1
getirip,1
yönetip,1
yönetmedikleri,1
harcayıp,1
harcamadıkları,1
ulusal,1
arınç,1
örgütünü,1
işleyişini,1
yenisini,1
koşullardaki,1
değişmeler,1
kalınması,1
uymayacak,1
isem,1
hakem,1
amacını,1
güçleştiren,1
kaldırılmasında,1
değiştirilmesinde,1
değiştirilmesini,1
azılı,1
takvim,1
yılının,1
yayımlanmasını,1
bakanlığı,1
anayasada,1
verilinceye,1
başvuruyu,1
sicilden,1
faaliyetlerde,1
yad,1
yapılarak,1
j,1
kurmalarına,1
sanlanma,1
vaadiyle,1
küçüğü,1
bağlamaz,1
zorlamak,1
ez,1
cayma,1
şartı,1
bozulmasının,1
nisanlılardan,1
nişanı,1
bozduğu,1
yükletinebilen,1
bozulduğu,1
katlandığı,1
fedakarlıklar,1
davranan,1
bozulması,1
hediyelerin,1
nisanlıların,1
davrananların,1
nisanlıya,1
hediye,1
mislen,1
verilemiyorsa,1
ehliyetin,1
doldurmadıkça,1
karardan,1
dinlenir,1
vermeyen,1
temsilciyi,1
kardeşler,1
amca,1
dayı,1
hala,1
teyze,1
yeğenleri,1
Üstsb,1
yu,1
evliliğinin,1
verilmedikçe,1
kaybolanın,1
başvurusuyla,1
doğurmakla,1
istemeleri,1
hastaları,1
evlenemezler,1
evlenecek,1
başvur,1
işle,1
muhtardır,1
evlenecekler,1
örneğini,1
onaylanmış,1
ağlık,1
başvurusunu,1
eklenmesi,1
tamamlattırır,1
yapılmadığı,1
reddolunur,1
redde,1
incelenip,1
avalar,1
usulüyle,1
koşullarının,1
saatini,1
isterlerse,1
evlenebilme,1
ösüllarının,1
bulunmadığının,1
törenini,1
yapılışı,1
evleneceklerin,1
bulacağı,1
bulunmasıyla,1
maşıyla,1
isteyip,1
istemediklerini,1
sorar,1
cevaplarını,1
açıklar,1
bitmez,1
eşlere,1
gösterilmeden,1
yazışma,1
evlenmeler,1
batıldır,1
birinde,1
hısımlığın,1
butlanın,1
iyileşmiş,1
land,1
avaşini,1
iyileşen,1
evliyken,1
evlenmede,1
nisbi,1
istemediği,1
evlendiği,1
düşünmediği,1
yaşamayı,1
sokacak,1
evlenmişse,1
onuru,1
aldatılarak,1
gizlenmişse,1
onuruna,1
korkutularak,1
korkunun,1
evlenirse,1
alınmayan,1
retle,1
doldurmak,1
karı,1
gerektirmeyen,1
itme,1
evlendirmeye,1
evlilikten,1
olmasalar,1
ilişkilere,1
evlenirken,1
olamayacağı,1
uflarla,1
eyleminin,1
atak,1
ast,1
hayatına,1
kastedilmesi,1
davranılması,1
eşten,1
beklenemezse,1
getirmemek,1
maksadıyla,1
etmekte,1
sonuçsuz,1
zorlayan,1
esası,1
incelemeden,1
ihtarda,1
dönmesi,1
dönmemesi,1
bitmedikçe,1
ihtardan,1
ibarelerinden,1
hastası,1
hastalığın,1
sarsılması,1
sürdürmeleri,1
beklenmeyecek,1
devamında,1
başvurması,1
iradelerinin,1
açıklandığına,1
edilecek,1
düzenlemeyi,1
anlaşmada,1
ikrarlarının,1
bağlamayacağı,1
kesinleştiği,1
kurulamamışsa,1
temelden,1
yöne,1
timin,1
olasılığı,1
kesi,1
nleşm,1
eşiyle,1
bitimi,1
bitince,1
kurulmamışsa,1
boşanan,1
dul,1
taşımasına,1
boşandığı,1
kullanmakta,1
vermeyeceği,1
ispatlanırsa,1
tasım,1
aşina,1
kusursuz,1
akası,1
ödenme,1
nafakasının,1
evliymiş,1
yoksulluğunun,1
sürmesi,1
durumlarının,1
hakkaniyetin,1
artırılması,1
rafların,1
hükmünün,1
kesinleşmesinin,1
boşa,1
sıfatla,1
birbirlerinin,1
kaybederler,1
derken,1
birisinin,1
kusurunun,1
ispatlanması,1
babayı,1
düşüncesini,1
gereklerinin,1
değiştirilebileceğini,1
ahlak,1
başkasıyla,1
gitmesi,1
kılması,1
varlığına,1
vicdanen,1
getirmedikçe,1
sayamaz,1
olgular,1
esen,1
yemin,1
öneremez,1
ikrarları,1
imib,1
ağlamaz,1
onaylanmadıkça,1
duruşmanın,1
gizli,1
evlenmeyle,1
mutluluğunu,1
bakımına,1
gözetimin,1
eber,1
aberce,1
yaşamak,1
sadık,1
konutun,1
seçimi,1
giderlere,1
oturacakları,1
beraberce,1
malvarlıkları,1
cümleler,1
ayılı,1
yaşamın,1
gecikmede,1
kullanıldığı,1
kişilerce,1
anlaşılamayacak,1
ekili,1
aşılması,1
sınırlayabilir,1
kaldırıldığını,1
sınırlandığını,1
bildirebilir,1
kaldırılmasının,1
sınırlanmasının,1
doğurması,1
sınırlanmasına,1
ittirilebilir,1
yürütül,1
feshedemez,1
konutunu,1
devredemez,1
rızayı,1
konutla,1
sağlanmışsa,1
massa,1
kiralayana,1
birliğine,1
uyuşmazlığa,1
düşülmesi,1
uyarır,1
uzlaştırmaya,1
çalışır,1
uzman,1
yardımını,1
yaşarken,1
katkıyı,1
bakması,1
katkılar,1
yasa,1
güvenliği,1
yaşamaya,1
katkıya,1
eşyasından,1
yaşamaktan,1
istemlerde,1
borçlularına,1
yapmalarını,1
emredebilir,1
yapılabileceğine,1
kaldırırsa,1
serdedilmesine,1
yerleri,1
mahkemedir,1
değişmişse,1
arasın,1
inilmiş,1
uygulanması,1
rejimlerden,1
noterde,1
onaylama,1
seçtiklerini,1
bildirebilirler,1
temsilcilerince,1
imzalanması,1
dönüşmesine,1
batık,1
haczedilmiş,1
düşürmüş,1
esirgemesi,1
sema,1
geçişten,1
geçişi,1
dönülmesine,1
iflasta,1
iflasına,1
dönüşür,1
hacizde,1
haczin,1
uygulanmasında,1
uğrarsa,1
imden,1
yöneltilir,1
tatmin,1
geçildiği,1
alabilecekleri,1
bırakamaz,1
yetmediğini,1
bırakması,1
vekalet,1
envanterinin,1
getirilmesinden,1
envanterin,1
değerleridir,1
çalışmasının,1
edinimler,1
kuruluşlarının,1
personele,1
sandık,1
başlangıcında,1
faaliyeti,1
sayılacağını,1
olmayacağını,1
birma,1
lin,1
edilinceye,1
digerin,1
erim,1
erli,1
olanaklardan,1
yararlanabileceği,1
bölünmeden,1
malda,1
olduğunda,1
katkının,1
başlangıçtaki,1
çıkarılmış,1
belirlerler,1
almaktan,1
vazgeçebilecekleri,1
devirler,1
devirlere,1
uyla,1
devirden,1
kesiminden,1
kes,1
imdeki,1
artması,1
oranına,1
çıkarılmışsa,1
eklenmeden,1
denkleştirmeden,1
miktardır,1
eksilmesi,1
özgülenmesini,1
sürebilecekleri,1
hesaplanmasını,1
değerlendirmeye,1
kazancından,1
hesaplanan,1
artırılabilir,1
hallerden,1
hesapta,1
alın,1
devre,1
dildiği,1
takas,1
Blind,1
değerdeki,1
oranının,1
katılmada,1
edilebil,1
ayrılığında,1
kanundaki,1
katılmaya,1
düzenlemeden,1
ödenebilir,1
icrasına,1
birimler,1
katil,1
çağının,1
ödemelerinin,1
yaşantısını,1
ettirebilmesi,1
düzenlemeler,1
terekesi,1
kişilerden,1
isteyebil,1
mülkün,1
konularında,1
mülkiyetteki,1
katkıdan,1
kurulmasından,1
özgülenilmiş,1
geleceğini,1
paylaştırmada,1
iradesinden,1
davranışlar,1
çıkardığı,1
varsayılır,1
kazandırmalara,1
yöntemi,1
paylaştırmanın,1
eklemek,1
ödeyeceği,1
surum,1
değerlerine,1
hesaplamada,1
edinilmesinden,1
bedeline,1
erdirilmesi,1
ailen,1
anlaşabilirler,1
konutunda,1
anlaşamamaları,1
olayın,1
özelliklerini,1
olacağına,1
belirleyerek,1
vermedik,1
gözden,1
ötürüyorlarsa,1
ektiği,1
sıfatı,1
taşımayan,1
kiralayanın,1
ıraka,1
bölünmemiş,1
dahildir,1
ortaklıkları,1
türlerini,1
kazancını,1
tutabilirler,1
kazandırması,1
malıdır,1
isteyebileceği,1
mirasbırakanları,1
kazandırılamaz,1
mallarında,1
bilmeyen,1
bilecek,1
sanata,1
girecek,1
reddetmeyeceği,1
batıksa,1
bulunamazsa,1
reddedilirse,1
arabı,1
gelirlerden,1
kadarıyla,1
zenginleşmesinden,1
istemler,1
açılmasıyla,1
kapsamının,1
ekleme,1
Eray,1
eye,1
kesimine,1
değerlendirilmesinde,1
kararlaştırılabilir,1
sayılacak,1
yarı,1
yarıya,1
sayılabilecek,1
asın,1
paylaşılmasına,1
doğumla,1
olguları,1
araştırır,1
sağlıkları,1
yaratmayan,1
incelemelere,1
öngördüğü,1
incelemeye,1
urum,1
sayabilir,1
babalığı,1
kocadır,1
bağlanması,1
kaldığının,1
ispatıyla,1
günlük,1
açarak,1
karinesini,1
çürütebilir,1
karısı,1
kanıtlar,1
babalığına,1
kek,1
çin,1
kalk,1
tığı,1
karinelerin,1
çakışması,1
evlenmiş,1
ürütünürse,1
oca,1
geçmesinden,1
anası,1
kaybettiğini,1
alındığını,1
öğrenmelerinden,1
yuyayım,1
atam,1
açar,1
ocuklarını,1
yerlerinde,1
yerdeki,1
engellemez,1
hükümle,1
çocukla,1
rin,1
evlenince,1
kaybetmiş,1
vasiyetnamesinde,1
beyanında,1
aşısının,1
tanınamaz,1
memurluklarına,1
anasına,1
ipt,1
alını,1
tanıyana,1
acı,1
geb,1
göstermesinden,1
korkun,1
olamayacağını,1
savcısına,1
üçyüzüncü,1
yüzsekseninci,1
karın,1
döne,1
minde,1
olanaksızlığını,1
olasılığının,1
linkinden,1
ispatlarsa,1
kaya,1
nin,1
karşılanmasını,1
altışar,1
haftalık,1
gebelik,1
doğumun,1
karşılanmasına,1
tazminattan,1
kılmış,1
koşuluna,1
edinmenin,1
yararlarının,1
edinebilirler,1
bulunmaları,1
çocuğunu,1
yayımlandığı,1
alınmıştır,1
başın,1
yoksunluğu,1
bilinmem,1
dam,1
eşinden,1
edinmesinin,1
yaşı,1
edinilemez,1
bab,1
açıklanarak,1
edinenlerin,1
belirtilmemiş,1
zamanı,1
geçmeden,1
usulle,1
alınabil,1
getirmiyorsa,1
gelecekte,1
edinilmek,1
yerleştirilmesinden,1
aranmamasına,1
inme,1
getirmemesi,1
muvafakatiyle,1
yardıma,1
etim,1
ekte,1
küçükken,1
gözetilmiş,1
kaydına,1
talepleri,1
bağlarının,1
evlâtlığın,1
naklen,1
evlatlıkla,1
kayıtlar,1
bilgiler,1
istemedikçe,1
açıklanamaz,1
kil,1
özrü,1
başvurusundan,1
etkilenmediği,1
başvurudan,1
iliş,1
esaslı,1
sayılan,1
kapsamlı,1
araştırılmasından,1
edini,1
lenin,1
dinlenmelerinden,1
uzmanların,1
alınmasından,1
araştırmada,1
kliği,1
eğitme,1
yeteneği,1
yönelten,1
eki,1
gelişmelerin,1
açıklığa,1
kavuşturulması,1
tavır,1
düşünceleri,1
evleri,1
alınmamışsa,1
unda,1
zedelenmeyecekse,1
nok,1
sanlıklar,1
noksanlıklardan,1
şak,1
atsa,1
kal,1
dirilme,1
zedeleyecek,1
gidilemez,1
öğrenilmesinden,1
anayasam,1
kuruluşlarca,1
faaliyetlerinin,1
yürütülmesine,1
çifte,1
taşıyorsa,1
bütünlüğünün,1
saygı,1
anlayış,1
onurunu,1
gözetmek,1
ünlüdürler,1
bırakılmayan,1
ilişkisini,1
zedelemekten,1
eğitilmesi,1
yetiştirilmesini,1
engellemekten,1
co,1
çük,1
ilgilenmezler,1
reddedilebilir,1
işine,1
menfa,1
atine,1
mevcutsa,1
kurulmasıyla,1
düzenlemelerde,1
ilişkiye,1
yapılıncaya,1
adar,1
yoksul,1
eğitimine,1
erg,1
ediyorsa,1
beklenebilecek,1
erinceye,1
bakmakla,1
takdiri,1
nafakayı,1
depo,1
ödemesine,1
babalığın,1
tespitinden,1
olasılığını,1
bulursa,1
eklerini,1
ısrarla,1
getirmezlerse,1
kaçma,1
hazırlığı,1
gelişigüzel,1
harcadıkları,1
heba,1
gelecekteki,1
sağlanmasın,1
ondadır,1
görmedikçe,1
kalırlar,1
ekleşmişse,1
veliye,1
hâlind,1
kalana,1
alınmışsa,1
eğit,1
imi,1
uygularlar,1
sözünü,1
dinlemekle,1
olgunluğu,1
hayatını,1
tanırlar,1
olabildiğince,1
üşünce,1
tutarlar,1
terkedemez,1
koyar,1
olanaklarına,1
eğitirler,1
zihin,1
ruhsal,1
ahlaki,1
toplumsal,1
gelişimini,1
yetenek,1
eğilimlerine,1
mesleki,1
sağlarlar,1
özürlü,1
eğitimini,1
sınırlayacak,1
dinini,1
seçmekte,1
özgürdür,1
temsilcisidirler,1
diğ,1
yaptığını,1
varsayabilirler,1
makamlarının,1
velây,1
etteki,1
temsilde,1
gibidir,1
aileyi,1
do,1
layı,1
Raşid,1
akı,1
girebilmesi,1
irebilmesi,1
onayına,1
bulamaz,1
tehlikede,1
manen,1
yanına,1
yerleştireni,1
huzurunu,1
katlanmaları,1
beklenemeyecek,1
bozuyorsa,1
önlemlerden,1
kaldı,1
rilmas,1
ına,1
bask,1
getirememesi,1
osterm,1
savsaklaması,1
ikisinden,1
velayete,1
gerektirdiğinde,1
vela,1
değiştirilebileceği,1
saldırılar,1
uydurulması,1
gerekti,1
ren,1
kalkmışsa,1
velâyetl,1
vermezler,1
dökümünü,1
yatırımlarda,1
gerçekleşen,1
velâyetleri,1
anabilirler,1
gelirlerin,1
uyduğu,1
ihtiy,1
aclarını,1
fazlası,1
allarına,1
ihtiyaçlar,1
içiminde,1
anılabilir,1
tanıyabi,1
açılmak,1
kullanmaması,1
sarfedemezler,1
öngörmedikçe,1
öngörebilir,1
malından,1
kazancının,1
babasıyla,1
bulunmasını,1
yönetmekte,1
göstermezlerse,1
hes,1
görmezse,1
göt,1
erilme,1
önlenemiyorsa,1
devredilmesine,1
düştüğünde,1
kararlaştırabilir,1
miktarların,1
sarfedileceğin,1
duyulursa,1
akabil,1
hesabıyla,1
vasisine,1
devrederler,1
verilmesinde,1
kuralına,1
devrettikleri,1
dece,1
müdürler,1
har,1
camla,1
tazminatla,1
tutulmazlar,1
yükümlüleri,1
kardeşlerin,1
refah,1
borçlarına,1
ılıktaki,1
geçin,1
isteminden,1
yükümlülerin,1
kaçından,1
aykırıysa,1
azaltabilir,1
bakmak,1
korunsana,1
rumlar,1
masrafları,1
hısımlardan,1
isteye,1
örfe,1
hi,1
simli,1
işçilik,1
gözetme,1
hepsini,1
evin,1
kuruluşunda,1
çimde,1
halkının,1
öğle,1
nimi,1
inançları,1
özgürlükten,1
evdeki,1
bulundurmakla,1
uçuğun,1
vardan,1
gös,1
terseydi,1
gelmesini,1
engelleyemeyeceğini,1
bulunanların,1
düşürmemeleri,1
samanın,1
değiştirmesi,1
manası,1
mina,1
taksimi,1
bireylerinin,1
öğrenimleri,1
donanım,1
desteklenmeleri,1
amaçların,1
harcamaların,1
arınca,1
geçmemek,1
soydan,1
gelenlere,1
kuşaktan,1
kuşağa,1
bölümüyle,1
koymak,1
aral,1
imzalarını,1
taşıması,1
belirsiz,1
belirlenmediği,1
taklar,1
çıkabilir,1
ortaklıkta,1
ürünlerin,1
yetiştiği,1
hasat,1
mevsim,1
iktisadi,1
birleştirir,1
isteyemeyecekleri,1
yapamazlar,1
olay,1
atayabilirler,1
ortaklıkla,1
malikidirler,1
mütesels,1
bıraktıkları,1
edindikleri,1
mallarıdır,1
taklığın,1
feshin,1
bitmesiyle,1
haczedilmesi,1
satışının,1
istenmesiyle,1
iflasıyla,1
hacze,1
dilmiş,1
istenirse,1
öteki,1
isteyeni,1
ortağa,1
karşılığının,1
öbür,1
girebilirler,1
ayrılma,1
hesaplaşma,1
kazançtan,1
temsilini,1
işletilmesini,1
bırakabilirler,1
belirlenmemişse,1
dönemdeki,1
ortalama,1
işleten,1
işletmediği,1
getirmediği,1
kurarak,1
ortakla,1
işlettikleri,1
sanayiye,1
büyüklüğü,1
erindeki,1
aksızın,1
normal,1
ölçüden,1
tesisi,1
oturması,1
aklarının,1
ze,1
delenmesi,1
ihtimali,1
çağrılırlar,1
hacizli,1
ilerin,1
olabilmesi,1
yurdun,1
ıtır,1
kuruluşa,1
ilgilerinin,1
kesildiği,1
vadeye,1
urdu,1
devrolunamaz,1
rehnedilemez,1
eliyle,1
icr,1
başvurulamaz,1
hısımlarının,1
yoksulluğu,1
alınmaya,1
kabullerine,1
üstsoyunu,1
kardeşlerini,1
yurdunu,1
aklarını,1
belgelerindeki,1
iflastaki,1
alırlar,1
alinde,1
yurdunun,1
edebilmesi,1
ölünce,1
sildirmek,1
ekçeyle,1
itirazın,1
haksızlığı,1
silinmesine,1
üzeni,1
kayyımlardır,1
kurulacak,1
fi,1
hısımının,1
hısımı,1
hısımından,1
oluş,1
alınanın,1
getireceklerine,1
undadırlar,1
sağlanmadan,1
yapmadığı,1
meclisini,1
değiştirebileceği,1
erdirebilir,1
görmek,1
küçüklük,1
halin,1
nüf,1
us,1
memurları,1
büdü,1
rumu,1
göremeyen,1
sokan,1
alk,1
arlığını,1
ailesini,1
darlık,1
düşürme,1
tehlikesine,1
devamlı,1
bakıma,1
muhit,1
aç,1
kısıtlanılır,1
cez,1
bulunmasa,1
görülmesi,1
kısıtlanılabilir,1
işitlanabilir,1
cezayı,1
başlandığını,1
hükümlüyü,1
kayyımlığa,1
yaşlılığı,1
hasta,1
ligi,1
yönetemediğini,1
kısıtlanmasını,1
dinlenmesi,1
bilirkişi,1
dinlenmeden,1
aşama,1
kısıtlanamaz,1
kısıtlamaya,1
tanzimi,1
ereklilik,1
dinleyebilir,1
olmamanın,1
yetenekte,1
ergini,1
zere,1
yürütmekle,1
görevlendirilemez,1
hısımların,1
önceliği,1
hısımlarından,1
atamada,1
yerlerinin,1
yakınlığı,1
erinde,1
oturanlardan,1
atananlar,1
meclis,1
since,1
etmeyebilirler,1
hastalıkları,1
güçlükle,1
dörtten,1
velisi,1
silik,1
meal,1
eleri,1
hâkimlik,1
savcılık,1
mesleği,1
mensupları,1
eng,1
çatışanlar,1
düşmanlık,1
bulunanlar,1
hâkimleri,1
atamakla,1
duyulduğunda,1
olmayanların,1
olduktan,1
alınmayıp,1
atanmasından,1
kısıtla,1
bırakılmışsa,1
özürleri,1
siyle,1
cumhur,1
atandığını,1
görmediği,1
bildir,1
kaçınmış,1
atanıncaya,1
vasıl,1
iğe,1
atananın,1
başlaması,1
kayyımlık,1
ilgilisinin,1
tar,1
görebilecek,1
atayabilecek,1
işte,1
çatışıyorsa,1
getirmesine,1
bilinemezse,1
malvarl,1
iğini,1
atamak,1
yoksunsa,1
ceninin,1
hayır,1
halktan,1
toplanan,1
sair,1
yardımı,1
isteğe,1
atanabil,1
üze,1
bağışlama,1
gelirlerinde,1
danışmanın,1
atanmasın,1
serserilik,1
toplum,1
korunmasının,1
tedavisi,1
alıkonulabilir,1
öğr,1
enen,1
görevlileri,1
çevresine,1
getirdiği,1
külfet,1
elverir,1
elvermez,1
alık,1
oymaya,1
likoym,1
yerleştirildiği,1
alıkonulduğu,1
görül,1
leşim,1
bildirmekle,1
yerleştirilen,1
verilirken,1
bilgilendirilmesi,1
edebileceğine,1
dikkatinin,1
çekilmesi,1
yerleştir,1
alıkonulma,1
ulaştırılır,1
eştirme,1
özelliklerine,1
görüşülmesini,1
erteleyebilir,1
alınılabilmesini,1
temin,1
vücudundan,1
örneklerle,1
kıl,1
tükürük,1
tırnak,1
örnekler,1
müdahaleler,1
yerleştirilebilir,1
erleştirme,1
yakınlarına,1
bild,1
irimden,1
icrasını,1
durdurmaz,1
ivedilikle,1
ağlanır,1
görevlilerinden,1
lama,1
arar,1
adli,1
yürütülme,1
başlama,1
ke,1
sinleşmesi,1
geçirilmeden,1
yönetilecek,1
tutul,1
tutulurken,1
sürülür,1
dert,1
oradaki,1
alvarlığının,1
ektirirse,1
orunluluk,1
yatırma,1
banka,1
menkul,1
kıymetlere,1
çevrilir,1
geciktiren,1
kaybını,1
güven,1
verici,1
dönüştürülür,1
dönüştürme,1
özetinerek,1
işletilmesinin,1
onamaya,1
zen,1
yerleştirilmesine,1
olmasın,1
özgürlüklerinin,1
doldurmamış,1
başvuramaz,1
sitliyi,1
yerleştirebilir,1
orada,1
dur,1
umu,1
bağışlarda,1
yeteneğine,1
bulmuş,1
kurtarmaz,1
yapabileceği,1
tındaki,1
vazgeçebilir,1
onanmazsa,1
onamamanın,1
onamadığı,1
verdiğini,1
harcanan,1
tutarıyla,1
çıkarmış,1
yanıltmış,1
udur,1
yön,1
etimle,1
incelemesine,1
sunmak,1
eneğine,1
incelen,1
çalışarak,1
defasında,1
ikişer,1
dolunca,1
ulunmadığı,1
hazineden,1
ücr,1
ilmesini,1
yönetilen,1
tutulmak,1
dönemi,1
konumu,1
danışmanlığa,1
talimatına,1
pabilir,1
olunanın,1
izini,1
değerlerin,1
rehn,1
kirası,1
meslekle,1
devasının,1
tahkim,1
sin,1
paylaştı,1
rilmasi,1
makamın,1
izninden,1
vatandaşlığa,1
devralınması,1
iyesi,1
girilmesi,1
şirkete,1
olunması,1
boyu,1
bağlama,1
ölünceye,1
kılınması,1
hesaplarının,1
çelenk,1
dönemlerde,1
reddeder,1
ükmünd,1
edir,1
organlarının,1
yükümü,1
işleriyle,1
getirirlerken,1
davranışıyla,1
danışmanlar,1
danışmanlara,1
arlardan,1
gel,1
doğmasına,1
vesayetle,1
erginliğe,1
olacağını,1
hükümlü,1
erde,1
cezaya,1
mahkûmiyet,1
artların,1
erdirilebilir,1
bakımın,1
talebi,1
dilmişse,1
zayıflığında,1
irilmasina,1
oldu,1
belirlenme,1
kılığı,1
yönetimde,1
isteyebilmesi,1
şikayete,1
vermemiş,1
kısıtlamada,1
isteğiyle,1
yetin,1
kısıtlamayı,1
kayyımlıkta,1
danışmanlıkta,1
gen,1
görevlendirildiği,1
bitirilmesiyle,1
kaldırılmasın,1
vasilik,1
yitirilmesi,1
yitirmesi,1
uzatılmaması,1
engelin,1
çekilmek,1
bitiminden,1
yenisi,1
başlayın,1
savsaklar,1
güveni,1
sarsıcı,1
yapmakta,1
yetersizliği,1
uyarı,1
araştırmayı,1
yaptıktan,1
dinledik,1
ten,1
alınacağı,1
konusun,1
çektirip,1
atayabileceği,1
gerekirse,1
muhtemel,1
ihtiyati,1
tutuklanmasını,1
bulunmanın,1
yanı,1
itirazı,1
bulundurmak,1
hesaplar,1
maka,1
onaylanır,1
onaylandıktan,1
edildikten,1
erdiğine,1
konusundaki,1
asiye,1
belirtmek,1
tebliğde,1
zamanaşım,1
danışmana,1
eğinin,1
anlaşılmasından,1
davaların,1
başlamadan,1
bilinmesi,1
ulunmayan,1
yanlışlığına,1
yanlışlığının,1
öğrenilmesini,1
vesayetten,1
tebliğinin,1
çağı,1
imtiyazlı,1
alacaktır,1
aşçılar,1
cıları,1
bırak,1
babasıdır,1
tarafta,1
oyu,1
babalarıdır,1
ede,1
ölmüşlerse,1
üslerse,1
çocuğuna,1
zümreye,1
oranlarda,1
zümresi,1
irlikt,1
babaları,1
işimi,1
ailesindeki,1
mirasçılığı,1
oları,1
evlatlığa,1
bırakmadan,1
taşar,1
ruflar,1
vasiyette,1
bulunmamak,1
çak,1
yanıldığını,1
aldatıldığını,1
zorlamanın,1
etkisinden,1
kurtulduğu,1
belirtilmesinde,1
arzusu,1
arzuya,1
düzeltilir,1
aşının,1
oranlardan,1
yas,1
as,1
zümresiyle,1
indirilmesi,1
avlanır,1
cenaze,1
mühürlenmesi,1
mirasbi,1
siz,1
andırmaları,1
aları,1
yapması,1
tayin,1
denir,1
mirasçısını,1
işlemişse,1
üyelerine,1
alamayacağı,1
belirtmişse,1
çıkarmadan,1
ısına,1
edilememiş,1
soyun,1
yarıyı,1
kapsadığı,1
tutarı,1
aşçılıktan,1
aşmıyorsa,1
çeşitleri,1
özgürlüğünün,1
tasarruflarını,1
yüklemelere,1
uyabilir,1
yüklemenin,1
anlamsız,1
rahatsız,1
edici,1
atamadan,1
kazandırılmasına,1
getirilmesin,1
bağlanmasının,1
kurtarılmasının,1
bırakılanlara,1
yükletilmesi,1
olabil,1
kurtulurlar,1
durumuyla,1
hasar,1
bırakılana,1
tasarı,1
ufu,1
borçlarıyla,1
dünü,1
zedeleyen,1
aşçılığı,1
rasbir,1
akandan,1
yürürlükte,1
durumlardan,1
reddetme,1
geçmek,1
yed,1
uygulan,1
devretmekle,1
yükümlük,1
yüklenemez,1
gösterilmiş,1
gelmemişse,1
göstermeleri,1
önmirasç,1
kalmadığı,1
ras,1
bağışık,1
tutmadıkça,1
göstermesine,1
görüldüğü,1
yükümlülüğünün,1
sağlanabilir,1
onmir,1
artmıraşçının,1
düşürürse,1
irme,1
artmirasçı,1
anından,1
görülmüş,1
önmirasçıya,1
lümünd,1
kalmışsa,1
özgülemek,1
eskisi,1
sözleşmesindeki,1
tasarruflarına,1
bağışlamalarına,1
lehin,1
lehi,1
olmamışsa,1
kökün,1
karşılayamıyorsa,1
ödenilmiyorsa,1
karşılıktan,1
yazısı,1
siyen,1
ama,1
katılmasıyla,1
işlevi,1
yazdırır,1
kumaşı,1
okunup,1
imzalanır,1
falanır,1
koyarak,1
tanıkların,1
konulduktan,1
okuduğunu,1
huzurunda,1
beyanın,1
mirasbir,1
akanı,1
okunmadan,1
imzalanmaksızın,1
nameyi,1
okuyamaz,1
imzalayamazsa,1
ünde,1
beyanının,1
okunduğunu,1
düzenlemeye,1
sağı,1
bulunmayanlar,1
ararım,1
kardeşleri,1
tanık,1
katılamazlar,1
aslını,1
saklamakla,1
gösterilerek,1
başından,1
yazısıyla,1
lanmış,1
saklanmak,1
palı,1
notere,1
kimine,1
anlatma,1
ulaşımın,1
kesilmesi,1
savaş,1
name,1
yapamıyorsa,1
anlatır,1
beyanına,1
yazmaları,1
yazdırmaları,1
yükler,1
yasaklar,1
vasiyetteki,1
tanıklardan,1
kendiler,1
belirterek,1
imzalatır,1
yazıl,1
geçirmeden,1
verirler,1
anlattığını,1
düzenlemek,1
geçirmesiz,1
başvurup,1
hususları,1
geçirtebilirler,1
askerlik,1
hizmetinde,1
onuyorsa,1
teğmen,1
yüksek,1
rütbeli,1
subay,1
seyre,1
ulaşım,1
aracında,1
aracın,1
kurumlarında,1
tedavi,1
edilmekteyse,1
şekillerde,1
doğarsa,1
geçince,1
vasiyetten,1
kısmından,1
dönülebilir,1
kaza,1
vasiyetnamesini,1
kaldırmadan,1
yaparsa,1
kuşkuya,1
bırakmayacak,1
tamamlamadıkça,1
vasiyetnamede,1
lirtilmedikçe,1
vasiyetle,1
bildirirler,1
düzenlenen,1
sözleşmeyi,1
sağlararasında,1
yaz,1
anlaşmasıyla,1
yapılmasından,1
orta,1
kaldırma,1
vasiyetnameler,1
gereğini,1
ist,1
bağlanmaması,1
ölme,1
atan,1
bulunandan,1
zenginleşmeyi,1
tepebilirler,1
daralması,1
yandırmalar,1
daralma,1
görevlisine,1
edilmediği,1
bildirilmezse,1
meşe,1
hizmetinin,1
yürütürler,1
ardan,1
irasbırakanın,1
öngörmüş,1
arzularının,1
başladıktan,1
listesini,1
liste,1
zilyetliğinin,1
öder,1
takiplerde,1
davalardan,1
müdahil,1
katılabilir,1
aşçılara,1
ölçüdeki,1
rer,1
ayrılabilir,1
uygunsuz,1
denetlenmesi,1
getirilmesinde,1
ihmali,1
tebliğin,1
bağlandığı,1
uyulmadan,1
edilmesinde,1
eşlerine,1
yapılanların,1
katılmalarının,1
sakatlığa,1
dayanıldığı,1
hükümsüzlük,1
def,1
alamayan,1
aşka,1
onl,1
faz,1
kimselere,1
andırmalar,1
aştığında,1
iflâs,1
dairesinin,1
eller,1
ihtarına,1
açmazsa,1
çıkarı,1
lanın,1
koşullarla,1
amında,1
bölünülmez,1
vasiyetinde,1
alacaklısında,1
borçlusuna,1
ödetilmesine,1
tenkisinde,1
verilmemek,1
sermayesi,1
ölümden,1
maks,1
etkisiz,1
kılmak,1
kalanı,1
karşılığın,1
sigortalarında,1
devrettiği,1
satınalma,1
tahmin,1
sürelerine,1
çevrilmeleri,1
tenkiste,1
tamamlanıncaya,1
tasarruflardan,1
tarihlisinden,1
eskisine,1
geriye,1
gidilmek,1
kazandırmalardan,1
vakıflara,1
öncekinin,1
girmesini,1
sağlarsa,1
kesinleşmesi,1
devretmişse,1
devretmemişse,1
devrettikten,1
edinmişse,1
içermedikçe,1
sağlıkta,1
imlerde,1
mahsubu,1
olduklarının,1
etmemiş,1
mirasla,1
paylaştırmalar,1
paylaştırılması,1
açılmanın,1
diyet,1
içindeki,1
gerçekleştirme,1
öldüren,1
öldürmeye,1
teşebbüs,1
enler,1
yapamayacak,1
getirenler,1
ayanlar,1
engelleyenler,1
yapamayacağı,1
kaldıranlar,1
bozanlar,1
affıyla,1
altsoya,1
olanı,1
ölürse,1
atanmamışsa,1
mirasında,1
çıkabilecek,1
vereceklerine,1
alınamama,1
yaşına,1
varmasına,1
terek,1
gaip,1
ederlerse,1
bulunmayanın,1
sürelere,1
uyarak,1
alanların,1
dayanabilirler,1
yönetilirse,1
yönetilenin,1
dolduracağı,1
yazımına,1
mühürlenmesine,1
vasiyetnamelerin,1
açılmasına,1
ilişkindir,1
önlemlerle,1
arafından,1
yerinden,1
rasbırakanın,1
dosyayı,1
gönderir,1
kimisi,1
bulunamıyorsa,1
tamamlanır,1
gerekenler,1
mühürlenir,1
mühürlenmeyen,1
mühür,1
yazımdan,1
mühürlenirken,1
mirasbırakanla,1
oturanların,1
edilip,1
oturmaları,1
mühürlemenin,1
gösterildiği,1
bulunamaması,1
bırakmaması,1
sürenlerden,1
ispatlayamazsa,1
şüpheli,1
öngörülmüşse,1
atamış,1
yönetimiyle,1
görevlendirilir,1
yönetmekle,1
yöneten,1
görevlendirdiği,1
sebeplerinin,1
paylaştırmaya,1
vermeyecek,1
görmekle,1
önlemlerinin,1
tahsili,1
zed,1
elemediği,1
vasiyetlerin,1
bankaya,1
paralarla,1
tahvili,1
güvenç,1
eli,1
dönüştürülme,1
ticarethane,1
imalathane,1
sürdürmede,1
inmesi,1
hususlarda,1
takiplerinde,1
feragate,1
kabule,1
tahkime,1
ıhsana,1
bar,1
yönetilmesinde,1
bilinmemesi,1
yapıp,1
sahiplerini,1
başvurmazsa,1
deh,1
edememişse,1
vasiyetnamesin,1
üşü,1
saklayan,1
öğrenir,1
öğrenmez,1
önlemlerini,1
ilgilileri,1
kılmadan,1
okunur,1
vasiyetnameleri,1
iştir,1
kısımlarının,1
onaylı,1
bilinmeyenlere,1
kısımları,1
belirlenenlere,1
atamaya,1
vasiyete,1
yerim,1
zilyetliklerini,1
düşmesiyle,1
getirmeyen,1
getirilmemesinden,1
tekrarlanan,1
anabilir,1
öğrenmesinin,1
olacaksa,1
aklıları,1
getirdikten,1
bilmedikleri,1
öderlerse,1
alacaklısından,1
isteyebilecekleri,1
verileni,1
be,1
yani,1
reddedebilirler,1
aczi,1
reddedilmiş,1
reddolunabilir,1
dolunabilir,1
tasarrufunun,1
yazımında,1
yazım,1
reddetmeden,1
mirasbırakanına,1
geçtiğini,1
mirasbırakanından,1
dolmadıkça,1
reddedildiğini,1
beyanını,1
tutanağın,1
reddetmeyen,1
karışan,1
gizleyen,1
maleden,1
reddedemez,1
düşümü,1
dolmasına,1
kaldırmaz,1
değilmiş,1
eştirilmiştir,1
reddolunan,1
kümlerine,1
reddetmemişler,1
reddederken,1
edip,1
etmeyeceklerinin,1
sorulmasını,1
tasfiyeden,1
etmezlerse,1
uzatılması,1
tanınmış,1
tanıyabilir,1
idi,1
yararlanacak,1
paylaşılmasında,1
olacakları,1
giderleriyle,1
dışındadır,1
reddetmeye,1
aktif,1
pasifler,1
vermeyenler,1
yanlış,1
zararları,1
tazminle,1
kendilerince,1
borçlularını,1
arayla,1
bulunmamanın,1
dikkatle,1
ci,1
karılan,1
kayıtlardan,1
belgelerinden,1
geçirilenler,1
tutmanın,1
dolmasıyla,1
tanınacak,1
ilgililerce,1
incelenilebilir,1
inebilir,1
karşılanamazsa,1
mirasçıdan,1
davalara,1
edilemeyeceği,1
bittikten,1
kemece,1
uyuşmazlıkların,1
çözümü,1
reddettiğini,1
kabulün,1
yazılanlardan,1
borçlarla,1
yazılmayanlardan,1
yazdırmayan,1
mallarla,1
tutulamaz,1
yazdıramadığı,1
bildirdiği,1
yazılmamış,1
terekem,1
allarıyla,1
geçirilmemiş,1
alabilirler,1
kefaletten,1
defterde,1
usuller,1
defterini,1
edindiği,1
aşçıların,1
olanlardan,1
edemeyeceklerinden,1
duyan,1
ödenmediği,1
birkaç,1
tasfiyeye,1
başlanır,1
alacaklılarından,1
borçlularından,1
göreviyle,1
tasarlanan,1
ıraklanın,1
yürüyen,1
tamamlanmasını,1
tahsilini,1
getirilme,1
mevcudu,1
mirasçılıktaki,1
uyuşmazlıkları,1
çözer,1
göstermesi,1
davacıya,1
kazandığını,1
ölümünün,1
açılmasının,1
paylaşımdan,1
geçmesiyle,1
kapsayan,1
torunlara,1
sürdürmekle,1
paylaştırmayı,1
fark,1
par,1
giderilerek,1
azaltacaksa,1
paylaşılmasının,1
erteleme,1
olabilecek,1
doğumuna,1
dar,1
ertelenir,1
doğuma,1
yenilir,1
çağrıda,1
davet,1
kılacak,1
sürülmediği,1
açmadığı,1
dönüştürülmesine,1
huş,1
usunda,1
mirasçılarla,1
paylaşırlar,1
yapılacağını,1
kararlaştırırlar,1
eksiksiz,1
oluşturulacağı,1
kastedilmemiş,1
eşitsizlik,1
denkleştirilmesi,1
kuralı,1
devralmış,1
haczettirmiş,1
eşmesi,1
aralarındaki,1
eşitliğe,1
adalete,1
bağlanmasını,1
kök,1
sayısınca,1
oluştururlar,1
olmazsa,1
oluşturulmasını,1
oluşturulmasında,1
arzusunu,1
bulundurur,1
malının,1
eşyasının,1
temi,1
özellikleri,1
özgülendikleri,1
anlaşmazlık,1
edilmemek,1
satılmasına,1
mirasçılardaki,1
mirasçıdaki,1
bölünmelerine,1
özgülenmeye,1
zamandaki,1
uyuşamazlarsa,1
etmeler,1
özgülenmenin,1
erdir,1
ilmesi,1
denkleştirmeyi,1
devretmek,1
kurtarmak,1
sıfatının,1
paylarında,1
sup,1
aldığını,1
payından,1
ettirir,1
kurala,1
tasarrufları,1
aştığı,1
bırakmak,1
öğrenim,1
öğrenimi,1
ölçüleri,1
mevcuttur,1
öğrenimini,1
tamamlamamış,1
niyete,1
geleneği,1
hışımlarının,1
ölçüler,1
tutmama,1
sakatlıkları,1
sonuçlandırılması,1
dönüştürülmesini,1
açılmamış,1
özleşmeler,1
allar,1
satım,1
borsaya,1
garantiye,1
kefalete,1
geçersizliğe,1
müteselsil,1
nakline,1
gösterilmemiş,1
malvarlıklarıyla,1
mutesel,1
silen,1
borçlarda,1
teselsül,1
yükletinmemiş,1
açabileceği,1
elatmanın,1
parçalarına,1
unsuru,1
uğratılmadıkça,1
değiştirilmedikçe,1
parçadır,1
ürünlerinin,1
özgülendi,1
adetler,1
verimlerdir,1
ayrılıncaya,1
parçasıdır,1
eklentisini,1
anlaşılabilen,1
sağlaması,1
takma,1
kılı,1
ayrılmakla,1
kaybetmez,1
sayılmayanlar,1
tüketmesi,1
korunmak,1
satılmak,1
verilmek,1
unla,1
sayılmaz,1
bol,1
unmuş,1
paylarla,1
mâliktir,1
belirlenmedikçe,1
haczettirilebilir,1
ahzettirilebilir,1
hükümlerinden,1
asların,1
sınırlandırılamaz,1
kullanılabilirliğinin,1
tehlikesinden,1
artmasından,1
taşınmazlarla,1
imzalarının,1
onarımları,1
yaptırmaya,1
yürütmeye,1
çoğunlukla,1
usulünün,1
türünün,1
kirasına,1
sağlamaya,1
elverişliliğinin,1
aranır,1
gözeterek,1
arasından,1
korumanın,1
kullanmanın,1
ölçüyü,1
işlerine,1
girişilmesi,1
kabulüne,1
aklarla,1
kayıtlayamazlar,1
herbiri,1
diğerlerinin,1
bağdaştığı,1
şeklini,1
menfaatlerin,1
paydaşları,1
temsilen,1
ilgilendiren,1
vergiler,1
düşenden,1
ödemiş,1
diğerlerine,1
bağlayıcılığı,1
kazananları,1
bağlaması,1
çiğneyen,1
getirmişse,1
keme,1
temini,1
çıkarılacak,1
ayırmayı,1
çıkarılana,1
değeriyle,1
sürmek,1
tevdiine,1
hükmolup,1
nur,1
davalıya,1
devredilmeyen,1
satışına,1
çevirmeye,1
çıkarılmasına,1
luyla,1
caiz,1
sınırlandırılabilir,1
aylı,1
devamına,1
satılarak,1
uyuşma,1
sağlanamazsa,1
bölünerek,1
ştirilmasina,1
parçaların,1
denk,1
parçaya,1
eklenerek,1
sağlanmasına,1
bölme,1
görülmezse,1
uğramadan,1
kurması,1
kurulduğunun,1
paya,1
eşmeler,1
mülkiyetidir,1
yaygındır,1
topluluğu,1
erek,1
dağılması,1
geçilmesiyle,1
kaydedilen,1
kazanılır,1
ikin,1
amaçlayan,1
lidir,1
kazanılamaz,1
oluşması,1
birikme,1
dolma,1
yatağında,1
seviyesinde,1
araziyi,1
kayba,1
uğrayana,1
arazım,1
devredebilir,1
parçalarının,1
arazisinden,1
koptuğunu,1
oluşumun,1
değişikliğini,1
cisimler,1
şeylere,1
karışmaya,1
kaymasının,1
açmayacağı,1
yörelerin,1
yöredeki,1
yörede,1
gerçeği,1
yansıtmıyorsa,1
siklikler,1
ürürse,1
kütüğünden,1
bölünmesinde,1
kişilerine,1
tapuda,1
gözüken,1
gerçekleşmediğini,1
sürerek,1
görülmez,1
davalılar,1
edenler,1
adlarına,1
istenilen,1
yüzölçümü,1
uzmanlarca,1
düzenle,1
nen,1
teknik,1
krokisi,1
grlanır,1
iley,1
ararı,1
sular,1
kayalar,1
tepeler,1
dağlar,1
buzullar,1
birr,1
gazeteyle,1
kazanılmasına,1
hük,1
men,1
yaptırabilir,1
ereceği,1
üstündeki,1
hava,1
katmanlarını,1
planları,1
işaretleriyle,1
pl,1
anları,1
işaretler,1
tutmazsa,1
plandaki,1
sınırdır,1
komşusunun,1
planlarının,1
düzeltilmesine,1
bulunmakla,1
ayırmaya,1
arazideki,1
malzemesi,1
arazisindeki,1
işindeki,1
kullanırsa,1
kullanılmış,1
sökülmesi,1
açmayacaksa,1
yaptır,1
yaptırana,1
hükmedeceği,1
taşıdığı,1
geçmeyebilir,1
fazlaysa,1
niyetli,1
tasmayı,1
taşan,1
devredilmesini,1
irtifakına,1
dayalı,1
üs,1
tünde,1
inşa,1
yapıların,1
kullanılmaya,1
irtifakı,1
mecralar,1
mecraları,1
eklentisi,1
hukukunun,1
yüklenmesi,1
görülmüyorsa,1
tesciliyle,1
görülüyorsa,1
noterce,1
düzenlenecek,1
yapılmasıyla,1
kalıcı,1
amaçlanmadan,1
kulübe,1
büfe,1
çardak,1
baraka,1
hafif,1
gösterilmez,1
dikilen,1
fidanlar,1
dikerse,1
ağaçlar,1
kısıtlamalarına,1
karşılaşan,1
zararların,1
denkleştirilmesine,1
kısıtlamaların,1
konulan,1
kısıtlamalar,1
değiştirilemez,1
satması,1
kullanabilirler,1
yasağı,1
satışlarda,1
feragatin,1
sadist,1
onalım,1
alıcı,1
paydaşlara,1
açılarak,1
nakden,1
yatırmakla,1
şerhte,1
satışındaki,1
kullanılmasın,1
vazgeçmeye,1
seride,1
mülkiyetinden,1
faaliyetini,1
sürdürürken,1
komşularını,1
olumsuz,1
etkileyecek,1
taşkınlıktan,1
komşular,1
hoş,1
görülebilecek,1
dereceyi,1
duman,1
buğu,1
toz,1
koku,1
çıkartarak,1
gürültü,1
sarsıntı,1
rahatsızlık,1
tır,1
aklıdır,1
yaparken,1
topraklarını,1
sarsmak,1
düşürmek,1
uzerlerin,1
tesisleri,1
etkilemek,1
yapılarda,1
kanunlar,1
taşarak,1
kökler,1
kaldırılmazsa,1
kökleri,1
kesip,1
geçirebilir,1
ekilmiş,1
dalların,1
tasmasına,1
katlanan,1
dallarda,1
meyvaları,1
toplama,1
dikerken,1
yağmur,1
tutulmamış,1
akışına,1
komşulardan,1
akışını,1
tutabilir,1
öteden,1
akmakta,1
boşaltılması,1
boşaltma,1
sulardan,1
görmekte,1
mecrayla,1
akıtılmasını,1
bataklıkların,1
kurutulması,1
katlanma,1
uğrayacağı,1
kanalı,1
benzerlerine,1
boruların,1
hat,1
kablolarının,1
masraflı,1
altından,1
üstünden,1
geçirilmesine,1
mecralara,1
mecrayı,1
meral,1
geçirileceği,1
zararını,1
nakledilmesini,1
değiş,1
taşınmazından,1
çıkmak,1
komşularından,1
geçidin,1
komşuya,1
görecek,1
gözetilerek,1
taşınmazını,1
tomruk,1
kaydırma,1
oluğu,1
geçitler,1
tâbid,1
taşınmazının,1
sınırının,1
karşılar,1
yetkilerin,1
işlere,1
Seraya,1
örtüsünü,1
yasaklanmadıkça,1
merasına,1
oralarda,1
yabani,1
meyve,1
mantar,1
adetlerin,1
toplayıp,1
avlanmak,1
buraya,1
kanatlı,1
hayvanların,1
denkleştirilmesini,1
hapsetmek,1
başkasını,1
tehlikeyi,1
önleyebilecek,1
müdahaleden,1
afetler,1
sağlıkla,1
hizmetlerine,1
deniz,1
göl,1
kıyılarındaki,1
nirengi,1
iyileştirilme,1
topraklarının,1
yapıya,1
arsaların,1
birleştirilmesine,1
eserler,1
güzellikler,1
manzaralar,1
seyirlik,1
ender,1
doğa,1
anıtları,1
içmeler,1
ılıcalar,1
maden,1
flamaları,1
yollarını,1
bataklık,1
yetiştirme,1
rme,1
arazileri,1
toplulaştırma,1
girişimleriyle,1
yapılabilecekse,1
yarısından,1
fazlasına,1
yolda,1
kaynadıkları,1
kazanılabilir,1
sulardandır,1
arza,1
sularına,1
sularından,1
ölçüsüne,1
kaynaklara,1
yararlanılan,1
yararlanmak,1
biriktirilen,1
kuyuları,1
faaliyetler,1
keserek,1
kirleterek,1
gidermekle,1
verilmemişse,1
gerekip,1
türünü,1
oturmak,1
işletmek,1
suyunu,1
kesilir,1
kirletilirse,1
kaynağın,1
olabildiği,1
yataktan,1
beslenen,1
aklar,1
kaynaktan,1
beslenmekte,1
maliklerden,1
kaynakların,1
zamana,1
kadarki,1
dağıtılmasını,1
tesis,1
masraflarını,1
üstlenirler,1
sahiplerinden,1
kaynaklardaki,1
azalacak,1
kaynağındaki,1
tutulup,1
kaynağına,1
çoğaldığı,1
çoğalma,1
arazide,1
kuyu,1
derelerden,1
komşuların,1
vedi,1
yollarla,1
sudan,1
zahmet,1
gidere,1
katlanmadan,1
komşusundan,1
ihtiyacından,1
irtifakının,1
kurulmasında,1
taşınabilen,1
girmeyen,1
güçlerdir,1
devralan,1
devredenin,1
kazanmanın,1
noterliğinde,1
kaydedilmesiyle,1
satışlarında,1
taksitle,1
satan,1
satımlara,1
utma,1
sözleşmesine,1
sattığı,1
hükmen,1
nakleden,1
korursa,1
sokmak,1
kurallarından,1
kurtulmak,1
güdülüp,1
güdülmediğini,1
sahiplenme,1
iradesiyle,1
av,1
hayvanları,1
aramaz,1
uğraşmazsa,1
ehlileştirilmiş,1
vahşileşir,1
dönmezlerse,1
uçmuş,1
gelmez,1
arama,1
ulan,1
sahibini,1
bilmiyorsa,1
ey,1
kiracıya,1
satma,1
çabuk,1
bozulabilir,1
kuvvetleri,1
kurumu,1
satılabilir,1
edilerek,1
bulunmalarından,1
gömülmüş,1
eşyaya,1
defineyi,1
ere,1
eserlerin,1
egemenlik,1
alanına,1
girerse,1
bulanın,1
kovanına,1
göçen,1
gerekmeden,1
kovan,1
sokarsa,1
işleyenin,1
işlenen,1
bırakabilir,1
uğratıl,1
harcanmadan,1
ayrılmayacak,1
birleşmiş,1
karışmışsa,1
taşınışlarının,1
taşınırsa,1
ikincil,1
karışır,1
birleşirse,1
kesilmiş,1
kazanılmadıkça,1
kaybıyla,1
konulmuş,1
kaçınmaya,1
kullanmasına,1
katlanmaya,1
mecbur,1
irtifaka,1
bağlanabilir,1
edilebilecek,1
azlarda,1
ettirebilir,1
sürdürür,1
issa,1
oranla,1
engelleyecek,1
zorlaştıracak,1
durur,1
anlaşılmadığı,1
kazanılmasana,1
ihtiyaçların,1
ihtiyaçlarındaki,1
ağırlaştıramaz,1
yaya,1
araba,1
otlatma,1
tarlalara,1
arklara,1
tesislerin,1
kine,1
tesisler,1
üstlenmek,1
güçleştirmeyecek,1
naklinde,1
yar,1
kullanılabiliyorsa,1
iri,1
fak,1
kullanılmıyorsa,1
kullanılamayacaksa,1
maliklerinden,1
aksın,1
bilenlere,1
konusunun,1
sahib,1
vazgeçmesi,1
kararlaştırılmamışsa,1
kalkmasıyla,1
yararlanılamayacak,1
yararlanılacak,1
kusurundan,1
gelmediğini,1
azalmasından,1
tükettiği,1
azalmalarından,1
ildir,1
yenilemeler,1
eklemeler,1
söküp,1
sürülebilecek,1
bulundurma,1
ekimi,1
dikimi,1
ünleri,1
toplayan,1
verimi,1
ürünü,1
sayılmayan,1
faizler,1
sermayenin,1
inti,1
koşullardan,1
sahibince,1
devralana,1
düşmeyen,1
düştüğünü,1
ispatına,1
bağışlamada,1
bağışlamalarda,1
bağışlayandan,1
verilmemesinin,1
kaldırarak,1
konusunu,1
paylaşmak,1
yenilemeleri,1
orundadır,1
yapmaktan,1
sağlamazsa,1
çevirebilir,1
şalvarlı,1
ovarlığındaki,1
faizlerini,1
gösteriyorsa,1
yükümlülükten,1
ödenmesinden,1
yangına,1
tehlikelere,1
ettirmekle,1
sigortalı,1
asılarak,1
yönü,1
yönünü,1
dönüştüremeyeceği,1
yönünde,1
yapmamak,1
kireç,1
mermer,1
turba,1
ocakları,1
benzerlerini,1
çerçevesin,1
fırtına,1
zararlı,1
böcek,1
akını,1
asılmışsa,1
giderek,1
azaltacak,1
işletilir,1
getirecek,1
verim,1
noksanını,1
gidermeye,1
günkü,1
biçilerek,1
gereçleri,1
sürüleri,1
şeylerde,1
getirisini,1
yöneltilmesi,1
katılmasını,1
kılınmamış,1
ınt,1
başlangıcını,1
evra,1
istemekten,1
gösterildikten,1
binadan,1
bölümünden,1
şahsına,1
bölümünde,1
oturabilir,1
bölü,1
mu,1
ortaklaşa,1
yerlerden,1
veriyorsa,1
bölümün,1
baki,1
kullanıyorsa,1
üstünde,1
ağımsız,1
niteliktedir,1
ektedir,1
kapsamıyla,1
konumuna,1
şekline,1
boyutlarına,1
alandan,1
faydalanmaya,1
kayıtları,1
kaydedilmişse,1
kapatılır,1
kaydet,1
ilmiş,1
kapatılmasıyla,1
bedele,1
ödemez,1
kararlaştırılmışsa,1
ödenmemiş,1
kararlaştırıl,1
getirilmesine,1
yetkilerinin,1
sınırını,1
davranırsa,1
indirim,1
davranması,1
istemine,1
iradının,1
borçlanılan,1
satışta,1
olunmaz,1
dolduktan,1
uyularak,1
uzatılabilir,1
akıtılmasına,1
atış,1
spor,1
kullanılmak,1
hizm,1
kca,1
irtifaklara,1
ihtiyaçlarını,1
serilir,1
edimlerde,1
gösterilecek,1
katıdır,1
hukukun,1
nün,1
yalnızca,1
kurulma,1
bölünmüşse,1
düşürür,1
birbiri,1
ardına,1
yılın,1
edimlerini,1
örmemişse,1
kuran,1
uymuyorsa,1
alınılmamak,1
kurulmasının,1
kullanabilmesi,1
bildirmesine,1
erdirilmeyen,1
kurtarılması,1
düşük,1
yükümlüye,1
sağlamaz,1
bölünmesinin,1
kredi,1
ölçüsü,1
kredileri,1
kullanılarak,1
karşılıklarının,1
merkez,1
bankasının,1
döviz,1
alış,1
kuru,1
kurulabileceği,1
sınırlayıcı,1
olabilme,1
parselleri,1
kaydedilmedikçe,1
işe,1
rehnedilme,1
rehnedildiği,1
belirdirilir,1
güvenceyi,1
dağıtır,1
kurulduktan,1
rehnedemezler,1
rehnolunabilir,1
kamulaştırmaya,1
gerçekleştirilen,1
lemi,1
rehinler,1
koruyarak,1
sınmaz,1
bazıları,1
rehinsiz,1
alırsa,1
kurtarması,1
miktarlarıyla,1
rehinle,1
namaz,1
oluşturmadığı,1
uya,1
ödenemez,1
makın,1
otel,1
döşeme,1
süt,1
ununa,1
başlanılmasından,1
iflasının,1
kiracılara,1
takibin,1
olmamış,1
koydurulan,1
olmalarından,1
başlamış,1
edilmesinden,1
düşmelerine,1
düşüren,1
davranışları,1
yasaklamasını,1
verilebileceği,1
güv,1
ence,1
eksiğini,1
kusur,1
aşmayacak,1
düşmesinin,1
önlenmesi,1
ınli,1
parçasını,1
devrederse,1
kaldırmaktan,1
açınamaz,1
kurmayacağını,1
yüklerinden,1
irtifaklar,1
edilenlere,1
öncelikleri,1
der,1
ecesi,1
derecesinin,1
dereceleri,1
yapılmalarına,1
sağlamaları,1
verilmelerine,1
dereceler,1
etmemişse,1
katılmadan,1
pa,1
raya,1
geçeceğine,1
ersizdir,1
kadarını,1
çevirir,1
dağıtılması,1
itilir,1
istendiği,1
vadeden,1
artırılamaz,1
zo,1
runlu,1
masraf,1
katkısıyla,1
iyileştirilen,1
artma,1
giderlerinden,1
düşeni,1
um,1
taksitlerle,1
taksitlerin,1
ilerlerler,1
ix,1
ödenilebilir,1
denebilir,1
harcanacaksa,1
x,1
aklının,1
istemesi,1
haki,1
doğmamış,1
doğması,1
olası,1
zin,1
değişebilen,1
derecesine,1
miktarında,1
değişmelere,1
sırasını,1
ispata,1
taşımaz,1
yapıldığının,1
yazılıp,1
bel,1
gesi,1
erinçe,1
ettirmesini,1
biti,1
minden,1
konulmaması,1
talebiyle,1
takibine,1
başlanmadan,1
edin,1
ihbarla,1
ihbarına,1
ihbarın,1
satılmasını,1
dairesince,1
artırmada,1
tarafında,1
bedelden,1
artırmayı,1
borçluluk,1
sorumluluğunda,1
güvencede,1
getirmez,1
yüklendiği,1
girmezse,1
devredilmesi,1
okşa,1
etmeyen,1
dağıtımın,1
kesinleştiğinin,1
yüklenmenin,1
yüklenirse,1
tuttuğuna,1
devrinin,1
devrin,1
edilmelerine,1
ipotekler,1
satılan,1
sarf,1
yükleniciden,1
yüklenici,1
etmeleri,1
satıcılar,1
satıcıların,1
ortaklarının,1
zanaatkâr,1
zanaatkarların,1
çalışmayı,1
olunabilir,1
yüklenilen,1
gösterirse,1
sıradaki,1
artan,1
yüklerin,1
olacağının,1
bilinebilir,1
devrederlerse,1
edemedikleri,1
aslandığı,1
yüklenicilerden,1
yazıldıktan,1
yapılabileceği,1
türde,1
biçilir,1
biçilmiş,1
faizlerin,1
devrine,1
yapılabilecek,1
arsalar,1
oluşturabilir,1
senetlerindeki,1
ortalamasının,1
üçünü,1
aşamaz,1
biçilmesinde,1
özenin,1
gösterilmemesinden,1
memurlara,1
malikidir,1
dağıtımının,1
kesinleşmesinden,1
içeremez,1
enleme,1
üzenlenmesi,1
imzaları,1
temsilcisine,1
rizaları,1
ödemeleri,1
paraları,1
tebliğleri,1
azalmalarına,1
tarafsızlıkla,1
hâkimi,1
ödemelerini,1
bilinmediği,1
değiştirdiği,1
clu,1
kurtulabilir,1
edene,1
devrinden,1
bildirilmiş,1
kupona,1
ettirip,1
ettirmemekte,1
serbesttir,1
tedavüle,1
çıkartabilir,1
metninde,1
uymazsa,1
sürülmesi,1
sene,1
dindeki,1
zilyetlikle,1
kastı,1
kuponu,1
ettirerek,1
eni,1
kupon,1
bilinmiyor,1
istenmemiş,1
çıkmaz,1
olasılıkla,1
boşalmış,1
hafifletilmesi,1
azaltılması,1
çıkarmayı,1
liranın,1
katları,1
serideki,1
şeklinin,1
numaralarının,1
izlemesi,1
çıkarılmamış,1
faizle,1
üstlenebilir,1
karşılaması,1
sayıları,1
gösterilmek,1
koşullarında,1
düzenleyeceği,1
lana,1
ödenmekle,1
kalmaz,1
ilde,1
kuponlar,1
planına,1
çekmek,1
senetlerinde,1
azlar,1
çekiminde,1
ödenmesinde,1
rehini,1
rehnedende,1
hakimiyetinde,1
doğmaz,1
kooperatiflerin,1
devredil,1
devredilmeden,1
bulabilir,1
ödenince,1
edilmesinin,1
iba,1
releri,1
telikle,1
alamaz,1
gelmesiyle,1
askıda,1
almadıkça,1
doğduğunu,1
ödenmeyen,1
faizlerinin,1
faizinin,1
ürünlerini,1
çıkınca,1
niteliğindeki,1
ürünleri,1
sır,1
geçememesi,1
öngören,1
lup,1
bağlantısı,1
hapsedebilir,1
ilişkiden,1
doğmuşsa,1
tacirler,1
bağlantı,1
kazanılmasının,1
çevrilmeye,1
üstlendiği,1
yükümlülükle,1
üzeniyle,1
mey,1
öğrenmiş,1
yönde,1
yüklenmiş,1
bağdaşmasa,1
getirilmez,1
gösterilmezse,1
hapsettiği,1
akın,1
devredilebilen,1
ikca,1
sende,1
rehninde,1
birlik,1
evrakta,1
ciro,1
bey,1
ani,1
rehnedilmesiyle,1
emtia,1
varant,1
düzenlenmişse,1
hinli,1
gelmemiş,1
hin,1
kapsamaz,1
rehnedilmelerine,1
senetlerinin,1
emsili,1
özenli,1
muacceliyetinin,1
ihbarını,1
kılıyorsa,1
alacaklıyı,1
zorlayabilir,1
uğraşanlar,1
isteyenler,1
işletmelere,1
yenilenebilir,1
vadesinde,1
ettikten,1
çevirtebilir,1
verene,1
mık,1
tarından,1
hesaplanırken,1
kurtarmayı,1
satılıncaya,1
makbuzunun,1
kurtarılabilir,1
verilmezse,1
tutmuş,1
erinden,1
verenin,1
kurtarıldığı,1
faizin,1
tutmuşsa,1
hamilinin,1
geçirdiğini,1
bilmedikçe,1
gerekmedikçe,1
kullan,1
satim,1
almayı,1
verenlere,1
cari,1
işlerinden,1
göstererek,1
çıkarabilirler,1
tahvillerin,1
çıkaracaklar,1
vermeye,1
kavramı,1
kavram,1
zilyedidir,1
yüklerinde,1
ısişel,1
hakimiyetini,1
kesilme,1
hakimiyetin,1
nitelikteki,1
kullanılmaması,1
olanağının,1
erdirmez,1
araçların,1
temsilciye,1
edilene,1
iye,1
gerçekleşmeden,1
sürebileceği,1
veri,1
ekten,1
taşıyıcıya,1
umumi,1
mağazaya,1
emtianın,1
tercih,1
savunma,1
saldırıyı,1
defedebilir,1
koyanı,1
kovarak,1
kaçarken,1
yakalananın,1
koruyabilir,1
göstermediği,1
zil,1
etliğin,1
gasbında,1
gasbeden,1
davacıdan,1
gerektirecek,1
önlenmesine,1
saldırıdan,1
failini,1
fiilin,1
zilyetler,1
zilyetlikleri,1
zilyetlikte,1
karineyi,1
avunma,1
karinesine,1
zilyetten,1
zilyedinden,1
kaybedilen,1
artırmadan,1
pazardan,1
satanlardan,1
iyinin,1
etle,1
edinenlere,1
denilen,1
olmama,1
zilyede,1
karinesinden,1
karineyle,1
hasara,1
uğramasından,1
kimseden,1
etmesini,1
isteyemez,1
önerilmezse,1
şeyle,1
zararsızca,1
ayırıp,1
alacaklarına,1
alıkoymuş,1
etmeyi,1
eylediği,1
giderlerden,1
vereceğini,1
bilmediği,1
rece,1
ekleyebilir,1
tamamlayan,1
yev,1
miye,1
planlardan,1
siciller,1
kaydedilecek,1
unlar,1
süreklilik,1
koşulunun,1
bölümlerin,1
kaydedilmeyecek,1
kamunun,1
kaydolunmaz,1
kayda,1
dönüşürse,1
sicilinden,1
unsurları,1
sayfan,1
numaraları,1
izler,1
birleştiril,1
uyulacak,1
sayfasındaki,1
sütunlara,1
görünenlerin,1
kütükten,1
silinebilir,1
bird,1
tescilleri,1
taşınmazları,1
sayfadan,1
çıkarılırsa,1
kle,1
isteyenin,1
belirtilerek,1
saklanır,1
ölçüme,1
planların,1
hazırlanacağı,1
bölgenin,1
bölge,1
sicillerine,1
belirtilmek,1
bölgedeki,1
işlenmek,1
bölgelerdeki,1
idarelerine,1
idareleri,1
idarelerinin,1
işleyiş,1
hizmetlerin,1
doğmasında,1
görevlilere,1
sorumluluğuna,1
şerhler,1
haklarda,1
inşaat,1
vaadi,1
gerilim,1
sözleşmelerinden,1
serdedilebileceği,1
serdedilebilir,1
kısıtlanmasında,1
sü,1
belirleyen,1
belgelerdeki,1
noksanlıkların,1
tamamlanmasına,1
tanıyorsa,1
gerçekleşirse,1
şerhe,1
edilebileceği,1
kanaatine,1
varırsa,1
başvurulması,1
verilsene,1
tün,1
kısıtlamalarının,1
yazılması,1
sütuna,1
yazılabilecek,1
terkinin,1
eşdeğer,1
belgeye,1
yapılabilmesi,1
belgelenmesi,1
uyulduğunun,1
reddedilir,1
belirten,1
illerde,1
tesi,1
ilin,1
değiştirilmiş,1
tesciller,1
sicildeki,1
erkin,1
örneklerin,1
irtifaklarda,1
irtifakların,1
sayfalarına,1
tel,1
iğ,1
işlemlere,1
açıklığı,1
açıktır,1
ilgisini,1
inanılır,1
gösterilmesini,1
örneklerinin,1
bilmediğini,1
yapılmamasının,1
varlık,1
tamamlanmış,1
belgelere,1
belirlenilir,1
bûka,1
bilen,1
dayanamaz,1
sebepten,1
sun,1
yolsuzdur,1
olunmuş,1
kazandıkları,1
kaybettiği,1
heri,1
işlemin,1
terkine,1
başvurarak,1
işlemini,1
yanlışlığı,1
düzeltebilir,1
yazı,1
yanlışlıklarını,1
melik,1
düzeltir,1
kaldırılan,1
şubat,1
medenisi,1
yürürlük,1
ocak,1
hükümlerini,1
işlenemeyen,1
hükmüdür,1
değiştirilen,1
medeni,1
gütmeyen,1
mevzuatın,1
gösterir,1
tablo,1
cumhurbaşkanlığı,1
seçimleri,1
cumhurbaşkanının,1
andiçerek,1
ayarak,1
mahkemesin,1
